#,Name,Sell,Where/How,Shadow,Total Catches to Unlock,Spawn Rates,Rain/Snow Catch Up,NH Jan,NH Feb,NH Mar,NH Apr,NH May,NH Jun,NH Jul,NH Aug,NH Sep,NH Oct,NH Nov,NH Dec,SH Jan,SH Feb,SH Mar,SH Apr,SH May,SH Jun,SH Jul,SH Aug,SH Sep,SH Oct,SH Nov,SH Dec,Color 1,Color 2,Size,Lighting Type,Icon Filename,Critterpedia Filename,Furniture Filename,Internal ID,Unique Entry ID
29,  GOLDEN TROUT  ,15000,River (clifftop),Medium,100,1,No,NA,NA,4 PM – 9 AM,4 PM – 9 AM,4 PM – 9 AM,NA,NA,NA,4 PM – 9 AM,4 PM – 9 AM,4 PM – 9 AM,NA,NA,NA,4 PM – 9 AM,4 PM – 9 AM,4 PM – 9 AM,NA,NA,NA,4 PM – 9 AM,4 PM – 9 AM,4 PM – 9 AM,NA,Brown,Black,1x1,Fluorescent,Fish79,FishGoldenTorauto,FtrFishGoldenTorauto,4193,wwGzR7FzWNJ7cDz9X
56,  anchovy  ,200,Sea,Small,0,2–5,No,4 AM – 9 PM,4 AM – 9 PM,4 AM – 9 PM,4 AM – 9 PM,4 AM – 9 PM,4 AM – 9 PM,4 AM – 9 PM,4 AM – 9 PM,4 AM – 9 PM,4 AM – 9 PM,4 AM – 9 PM,4 AM – 9 PM,4 AM – 9 PM,4 AM – 9 PM,4 AM – 9 PM,4 AM – 9 PM,4 AM – 9 PM,4 AM – 9 PM,4 AM – 9 PM,4 AM – 9 PM,4 AM – 9 PM,4 AM – 9 PM,4 AM – 9 PM,4 AM – 9 PM,Blue,Red,1x1,No lighting,Fish81,FishAntyobi,FtrFishAntyobi,4201,LzuWkSQP55uEpRCP5
4,dace,,River,Medium,0,3–10,No,4 PM – 9 AM,4 PM – 9 AM,4 PM – 9 AM,4 PM – 9 AM,4 PM – 9 AM,4 PM – 9 AM,4 PM – 9 AM,4 PM – 9 AM,4 PM – 9 AM,4 PM – 9 AM,4 PM – 9 AM,4 PM – 9 AM,4 PM – 9 AM,4 PM – 9 AM,4 PM – 9 AM,4 PM – 9 AM,4 PM – 9 AM,4 PM – 9 AM,4 PM – 9 AM,4 PM – 9 AM,4 PM – 9 AM,4 PM – 9 AM,4 PM – 9 AM,4 PM – 9 AM,Brown,Black,1x1,Fluorescent,Fish3,FishUgui,FtrFishUgui,2217,dWmXFdnjByWT5nEok
7,  goldfish  ,1300,Pond,X-Small,0,1–4,No,All day,All day,All day,All day,All day,All day,All day,All day,All day,All day,All day,All day,All day,All day,All day,All day,All day,All day,All day,All day,All day,All day,All day,All day,Red,Light blue,1x1,No lighting,Fish7,FishKingyo,FtrFishKingyo,329,5NwmwhEQxBNZCPiBR
80,  COELACANTH  ,15000,Sea (rainy days),XX-Large,100,1–2,Yes,All day,All day,All day,All day,All day,All day,All day,All day,All day,All day,All day,All day,All day,All day,All day,All day,All day,All day,All day,All day,All day,All day,All day,All day,Black,Black,2x1,Fluorescent,Fish63,FishSirakansu,FtrFishSirakansu,2284,NjMZQ6Xi9NswEXnHH
19,giant snakehead,5500,Pond,Large,50,2,No,NA,NA,NA,NA,NA,9 AM – 4 PM,9 AM – 4 PM,9 AM – 4 PM,NA,NA,NA,NA,9 AM – 4 PM,9 AM – 4 PM,NA,NA,NA,NA,NA,NA,NA,NA,NA,9 AM – 4 PM,Black,Black,2x1,Fluorescent,Fish16,FishRaigyo,FtrFishRaigyo,2231,KyWQRd8W2FePM42wB
67,  blue marlin  ,10000,Pier,XX-Large,50,1–2,Yes,All day,All day,All day,All day,NA,NA,All day,All day,All day,NA,All day,All day,All day,All day,All day,NA,All day,All day,All day,All day,All day,All day,NA,NA,Blue,Black,2x1,Fluorescent,Fish58,FishKajiki,FtrFishKajiki,2275,jhtsYRHydAcZnd6bJ
46,STURGEON,10000,River (mouth),XX-Large,20,1–4,Yes,All day,All day,All day,NA,NA,NA,NA,NA,All day,All day,All day,All day,NA,NA,All day,All day,All day,All day,All day,All day,All day,NA,NA,NA,Black,Black,2x1,Fluorescent,Fish75,FishTyouzame,FtrFishTyouzame,4189,XabKYtzYDNSNrFvpw
58,barred knifejaw,5000,Sea,Medium,20,3–5,No,NA,NA,All day,All day,All day,All day,All day,All day,All day,All day,All day,NA,All day,All day,All day,All day,All day,NA,NA,NA,All day,All day,All day,All day,White,Black,1x1,Fluorescent,Fish47,FishIshidai,FtrFishIshidai,2265,X3R9SFSAaDzBF4fE3
51,  butterfly fish  ,1000,Sea,Small,0,4–5,No,NA,NA,NA,All day,All day,All day,All day,All day,All day,NA,NA,NA,All day,All day,All day,NA,NA,NA,NA,NA,NA,All day,All day,All day,Yellow,Black,1x1,Fluorescent,Fish42,FishChouchouuo,FtrFishChouchouuo,2259,S4rkio2M3WB5cyy8Y
2,pale chub,200,River,X-Small,0,6–9,No,9 AM – 4 PM,9 AM – 4 PM,9 AM – 4 PM,9 AM – 4 PM,9 AM – 4 PM,9 AM – 4 PM,9 AM – 4 PM,9 AM – 4 PM,9 AM – 4 PM,9 AM – 4 PM,9 AM – 4 PM,9 AM – 4 PM,9 AM – 4 PM,9 AM – 4 PM,9 AM – 4 PM,9 AM – 4 PM,9 AM – 4 PM,9 AM – 4 PM,9 AM – 4 PM,9 AM – 4 PM,9 AM – 4 PM,9 AM – 4 PM,9 AM – 4 PM,9 AM – 4 PM,Blue,Blue,1x1,No lighting,Fish1,FishOikawa,FtrFishOikawa,2216,pCn9TLap3rWiLYfnF
34,  GUPPY  ,1300,River,X-Small,0,2–3,No,NA,NA,NA,9 AM – 4 PM,9 AM – 4 PM,9 AM – 4 PM,9 AM – 4 PM,9 AM – 4 PM,9 AM – 4 PM,9 AM – 4 PM,9 AM – 4 PM,NA,9 AM – 4 PM,9 AM – 4 PM,9 AM – 4 PM,9 AM – 4 PM,9 AM – 4 PM,NA,NA,NA,NA,9 AM – 4 PM,9 AM – 4 PM,9 AM – 4 PM,Blue,Black,1x1,Fluorescent,Fish29,FishGuppi,FtrFishGuppi,2245,WtdZnARNxnWRobej2
12,  soft-shelled turtle  ,3750,River,Large,20,4,No,NA,NA,NA,NA,NA,NA,NA,4 PM – 9 AM,4 PM – 9 AM,NA,NA,NA,NA,4 PM – 9 AM,4 PM – 9 AM,NA,NA,NA,NA,NA,NA,NA,NA,NA,Green,Black,1x1,No lighting,Fish65,FishSuppon,FtrFishSuppon,2224,izuY2f4GtEGT3BtuR
57,  horse mackerel  ,150,Sea,Small,0,14–21,No,All day,All day,All day,All day,All day,All day,All day,All day,All day,All day,All day,All day,All day,All day,All day,All day,All day,All day,All day,All day,All day,All day,All day,All day,Blue,Black,1x1,Fluorescent,Fish46,FishAji,FtrFishAji,2264,L24RYPaEcm9ZXkTui
63,squid,500,Sea,Medium,0,7–10,No,All day,All day,All day,All day,All day,All day,All day,All day,NA,NA,NA,All day,All day,All day,NA,NA,NA,All day,All day,All day,All day,All day,All day,All day,Beige,Black,1x1,Fluorescent,Fish52,FishIka,FtrFishIka,2270,qxHJ6BGgyQujkC28w
35,nibble fish,1500,River,X-Small,20,2,No,NA,NA,NA,NA,9 AM – 4 PM,9 AM – 4 PM,9 AM – 4 PM,9 AM – 4 PM,9 AM – 4 PM,NA,NA,NA,9 AM – 4 PM,9 AM – 4 PM,9 AM – 4 PM,NA,NA,NA,NA,NA,NA,NA,9 AM – 4 PM,9 AM – 4 PM,Brown,Blue,1x1,No lighting,Fish67,FishDokutaafish,FtrFishDoctor,2246,pkPKYsMiXsTWNz4L4
26,SWEETFISH,900,River,Medium,0,5–10,No,NA,NA,NA,NA,NA,NA,All day,All day,All day,NA,NA,NA,All day,All day,All day,NA,NA,NA,NA,NA,NA,NA,NA,NA,Green,Black,1x1,Fluorescent,Fish22,FishAyu,FtrFishAyu,2237,dWgg2bjCicuiZjXW6
31,SALMON,700,River (mouth),Large,0,20,No,NA,NA,NA,NA,NA,NA,NA,NA,All day,NA,NA,NA,NA,NA,All day,NA,NA,NA,NA,NA,NA,NA,NA,NA,Brown,Black,2x1,Fluorescent,Fish27,FishSake,FtrFishSake,2242,iwXhnZcSezNxqdNQf
39,rainbowfish,800,River,X-Small,0,2–3,No,NA,NA,NA,NA,9 AM – 4 PM,9 AM – 4 PM,9 AM – 4 PM,9 AM – 4 PM,9 AM – 4 PM,9 AM – 4 PM,NA,NA,9 AM – 4 PM,9 AM – 4 PM,9 AM – 4 PM,9 AM – 4 PM,NA,NA,NA,NA,NA,NA,9 AM – 4 PM,9 AM – 4 PM,Orange,Black,1x1,Fluorescent,Fish80,FishRainbowfish,FtrFishRainbowfish,4194,XJfkdS4C2MPYiscST
69,mahi-mahi,6000,Pier,X-Large,50,1,Yes,NA,NA,NA,NA,All day,All day,All day,All day,All day,All day,NA,NA,All day,All day,All day,All day,NA,NA,NA,NA,NA,NA,All day,All day,Yellow,Black,2x1,Fluorescent,Fish82,FishShiira,FtrFishShiira,4202,D7gY39QDo8BBNs2Ne
54,  blowfish  ,,Sea,Medium,20,5,No,9 PM – 4 AM,9 PM – 4 AM,NA,NA,NA,NA,NA,NA,NA,NA,9 PM – 4 AM,9 PM – 4 AM,NA,NA,NA,NA,9 PM – 4 AM,9 PM – 4 AM,9 PM – 4 AM,9 PM – 4 AM,NA,NA,NA,NA,Beige,Black,1x1,Fluorescent,Fish73,FishFugu,FtrFishFugu,2262,aDsmTcByApycafxTa
47,  sea butterfly  ,1000,Sea,X-Small,0,10–11,No,All day,All day,All day,NA,NA,NA,NA,NA,NA,NA,NA,All day,NA,NA,NA,NA,NA,All day,All day,All day,All day,NA,NA,NA,White,Black,1x1,Fluorescent,Fish37,FishKurione,FtrFishKurione,2255,kd5beizyQGeyjeM79
79,  barreleye  ,,Sea,Small,100,1,No,9 PM – 4 AM,9 PM – 4 AM,9 PM – 4 AM,9 PM – 4 AM,9 PM – 4 AM,9 PM – 4 AM,9 PM – 4 AM,9 PM – 4 AM,9 PM – 4 AM,9 PM – 4 AM,9 PM – 4 AM,9 PM – 4 AM,9 PM – 4 AM,9 PM – 4 AM,9 PM – 4 AM,9 PM – 4 AM,9 PM – 4 AM,9 PM – 4 AM,9 PM – 4 AM,9 PM – 4 AM,9 PM – 4 AM,9 PM – 4 AM,9 PM – 4 AM,9 PM – 4 AM,Black,Black,1x1,Fluorescent,Fish84,FishDemenigisu,FtrFishDemenigisu,4204,BpqTa4zmTjv3Nm4wE
70,  ocean sunfish  ,4000,Sea,Large w/Fin,20,1,Yes,NA,NA,NA,NA,NA,NA,4 AM – 9 PM,4 AM – 9 PM,4 AM – 9 PM,NA,NA,NA,4 AM – 9 PM,4 AM – 9 PM,4 AM – 9 PM,NA,NA,NA,NA,NA,NA,NA,NA,NA,Blue,Orange,2x2,No lighting,Fish60,FishManbou,FtrFishManbou,2278,6BwK6LHbjFAKzgE82
73,  HAMMERHEAD SHARK  ,8000,Sea,Large w/Fin,20,1,Yes,NA,NA,NA,NA,NA,4 PM – 9 AM,4 PM – 9 AM,4 PM – 9 AM,4 PM – 9 AM,NA,NA,NA,4 PM – 9 AM,4 PM – 9 AM,4 PM – 9 AM,NA,NA,NA,NA,NA,NA,NA,NA,4 PM – 9 AM,Black,Black,2x1,Fluorescent,Fish61,FishShumokuzame,FtrFishShumokuzame,2279,guHT5g6H7tJEyqYzf
72,  SAW SHARK  ,12000,Sea,Large w/Fin,50,1,No,NA,NA,NA,NA,NA,4 PM – 9 AM,4 PM – 9 AM,4 PM – 9 AM,4 PM – 9 AM,NA,NA,NA,4 PM – 9 AM,4 PM – 9 AM,4 PM – 9 AM,NA,NA,NA,NA,NA,NA,NA,NA,4 PM – 9 AM,Brown,Black,2x1,Fluorescent,Fish74,FishNokogirizame,FtrFishNokogiri,2281,tsrT7a8cbtwZrmJTz
64,moray eel,2000,Sea,Long,20,2,No,NA,NA,NA,NA,NA,NA,NA,All day,All day,All day,NA,NA,NA,All day,All day,All day,NA,NA,NA,NA,NA,NA,NA,NA,Brown,Black,2x1,Fluorescent,Fish55,FishUtsubo,FtrFishUtsubo,2271,4nLynLTMRtoqcCfh4
55,PUFFER FISH,,Sea,Medium,0,7–8,No,NA,NA,NA,NA,NA,NA,All day,All day,All day,NA,NA,NA,All day,All day,All day,NA,NA,NA,NA,NA,NA,NA,NA,NA,Beige,Black,1x1,Fluorescent,Fish45,FishHarisenbon,FtrFishHarisenbon,2263,jNkgaybfSsv8MkaQ2
27,cherry salmon,1000,River (clifftop),Medium,0,3–9,No,NA,NA,4 PM – 9 AM,4 PM – 9 AM,4 PM – 9 AM,4 PM – 9 AM,NA,NA,All day,All day,All day,NA,NA,NA,All day,All day,All day,NA,NA,NA,4 PM – 9 AM,4 PM – 9 AM,4 PM – 9 AM,4 PM – 9 AM,Brown,Black,1x1,Fluorescent,Fish23,FishYamame,FtrFishYamame,2238,sJyBbeLbpzn7LyzFr
17,  loach  ,400,River,Small,0,12–16,No,NA,NA,All day,All day,All day,NA,NA,NA,NA,NA,NA,NA,NA,NA,NA,NA,NA,NA,NA,NA,All day,All day,All day,NA,Brown,Blue,1x1,No lighting,Fish13,FishDojou,FtrFishDojou,2228,95yBKrQ4tdyWj4H25
9,ranchu goldfish,,Pond,Small,20,1–2,No,9 AM – 4 PM,9 AM – 4 PM,9 AM – 4 PM,9 AM – 4 PM,9 AM – 4 PM,9 AM – 4 PM,9 AM – 4 PM,9 AM – 4 PM,9 AM – 4 PM,9 AM – 4 PM,9 AM – 4 PM,9 AM – 4 PM,9 AM – 4 PM,9 AM – 4 PM,9 AM – 4 PM,9 AM – 4 PM,9 AM – 4 PM,9 AM – 4 PM,9 AM – 4 PM,9 AM – 4 PM,9 AM – 4 PM,9 AM – 4 PM,9 AM – 4 PM,9 AM – 4 PM,Red,Black,1x1,No lighting,Fish85,FishRanchu,FtrFishRanchu,5254,4NE2SteWKEaBYjgWb
53,ZEBRA TURKEYFISH,500,Sea,Medium,0,6–8,No,NA,NA,NA,All day,All day,All day,All day,All day,All day,All day,All day,NA,All day,All day,All day,All day,All day,NA,NA,NA,NA,All day,All day,All day,Red,Black,1x1,Fluorescent,Fish44,FishMinokasago,FtrFishMinokasago,2261,h7fa7Fh3Ay7vAxgE2
1,bitterling,,River,X-Small,0,12–17,No,All day,All day,All day,NA,NA,NA,NA,NA,NA,NA,All day,All day,NA,NA,NA,NA,All day,All day,All day,All day,All day,NA,NA,NA,Light blue,Blue,1x1,No lighting,Fish0,FishTanago,FtrFishTanago,2215,Drj6eLRBgg4T9KhNx
24,  pike  ,1800,River,X-Large,20,1–2,No,NA,NA,NA,NA,NA,NA,NA,NA,All day,All day,All day,All day,NA,NA,All day,All day,All day,All day,NA,NA,NA,NA,NA,NA,Green,Black,2x1,Fluorescent,Fish20,FishPaiku,FtrFishPaiku,2235,XxrB6iKQPhBkYKaXD
8,  pop-eyed goldfish  ,1300,Pond,X-Small,0,1–2,No,9 AM – 4 PM,9 AM – 4 PM,9 AM – 4 PM,9 AM – 4 PM,9 AM – 4 PM,9 AM – 4 PM,9 AM – 4 PM,9 AM – 4 PM,9 AM – 4 PM,9 AM – 4 PM,9 AM – 4 PM,9 AM – 4 PM,9 AM – 4 PM,9 AM – 4 PM,9 AM – 4 PM,9 AM – 4 PM,9 AM – 4 PM,9 AM – 4 PM,9 AM – 4 PM,9 AM – 4 PM,9 AM – 4 PM,9 AM – 4 PM,9 AM – 4 PM,9 AM – 4 PM,Black,Light blue,1x1,No lighting,Fish8,FishDemekin,FtrFishDemekin,2221,RvqzuA438gGqRJ7NG
11,crawfish,,Pond,Small,0,4–12,No,NA,NA,NA,All day,All day,All day,All day,All day,All day,NA,NA,NA,All day,All day,All day,NA,NA,NA,NA,NA,NA,All day,All day,All day,Red,Black,1x1,Fluorescent,Fish10,FishZarigani,FtrFishZarigani,2223,W7TrwpycmfgniZipi
13,  snapping turtle  ,5000,River,Large,0,2–3,No,NA,NA,NA,9 PM – 4 AM,9 PM – 4 AM,9 PM – 4 AM,9 PM – 4 AM,9 PM – 4 AM,9 PM – 4 AM,9 PM – 4 AM,NA,NA,9 PM – 4 AM,9 PM – 4 AM,9 PM – 4 AM,9 PM – 4 AM,NA,NA,NA,NA,NA,9 PM – 4 AM,9 PM – 4 AM,9 PM – 4 AM,Brown,Black,1x1,No lighting,Fish78,FishKamitsukigame,FtrFishKamitukigame,4192,SJa3LLde3Yuz4H3D7
16,  FRESHWATER GOBY  ,400,River,Small,0,2–5,No,4 PM – 9 AM,4 PM – 9 AM,4 PM – 9 AM,4 PM – 9 AM,4 PM – 9 AM,4 PM – 9 AM,4 PM – 9 AM,4 PM – 9 AM,4 PM – 9 AM,4 PM – 9 AM,4 PM – 9 AM,4 PM – 9 AM,4 PM – 9 AM,4 PM – 9 AM,4 PM – 9 AM,4 PM – 9 AM,4 PM – 9 AM,4 PM – 9 AM,4 PM – 9 AM,4 PM – 9 AM,4 PM – 9 AM,4 PM – 9 AM,4 PM – 9 AM,4 PM – 9 AM,Brown,Black,1x1,Fluorescent,Fish12,FishDonko,FtrFishDonko,2227,SfXYNdtaid6hdQhvZ
38,  neon tetra  ,500,River,X-Small,0,2–3,No,NA,NA,NA,9 AM – 4 PM,9 AM – 4 PM,9 AM – 4 PM,9 AM – 4 PM,9 AM – 4 PM,9 AM – 4 PM,9 AM – 4 PM,9 AM – 4 PM,NA,9 AM – 4 PM,9 AM – 4 PM,9 AM – 4 PM,9 AM – 4 PM,9 AM – 4 PM,NA,NA,NA,NA,9 AM – 4 PM,9 AM – 4 PM,9 AM – 4 PM,Light blue,Black,1x1,Fluorescent,Fish31,FishNeontetora,FtrFishNeontetora,2248,aEyRb96wcz9m8yjFN
5,  carp  ,300,Pond,Large,0,3–9,No,All day,All day,All day,All day,All day,All day,All day,All day,All day,All day,All day,All day,All day,All day,All day,All day,All day,All day,All day,All day,All day,All day,All day,All day,Gray,Black,1x1,Fluorescent,Fish5,FishKoi,FtrFishKoi,2219,4DwwvGDwPQvZTn9Fb
66,  TUNA  ,7000,Pier,XX-Large,50,2,Yes,All day,All day,All day,All day,NA,NA,NA,NA,NA,NA,All day,All day,NA,NA,NA,NA,All day,All day,All day,All day,All day,All day,NA,NA,Blue,Black,2x1,Fluorescent,Fish57,FishMaguro,FtrFishMaguro,2274,4PnGXx9DSb866AeCM
41,AROWANA,10000,River,Large,50,1–2,No,NA,NA,NA,NA,NA,4 PM – 9 AM,4 PM – 9 AM,4 PM – 9 AM,4 PM – 9 AM,NA,NA,NA,4 PM – 9 AM,4 PM – 9 AM,4 PM – 9 AM,NA,NA,NA,NA,NA,NA,NA,NA,4 PM – 9 AM,Yellow,Black,2x1,Fluorescent,Fish33,FishArowana,FtrFishArowana,2250,F68AvCaqddBJL7ZSN
49,  CLOWN FISH  ,650,Sea,X-Small,0,5–6,No,NA,NA,NA,All day,All day,All day,All day,All day,All day,NA,NA,NA,All day,All day,All day,NA,NA,NA,NA,NA,NA,All day,All day,All day,Orange,Black,1x1,Fluorescent,Fish40,FishKumanomi,FtrFishKumanomi,2257,L9qxZaMoBhwxvpMyh
6,koi,4000,Pond,Large,20,1–4,No,4 PM – 9 AM,4 PM – 9 AM,4 PM – 9 AM,4 PM – 9 AM,4 PM – 9 AM,4 PM – 9 AM,4 PM – 9 AM,4 PM – 9 AM,4 PM – 9 AM,4 PM – 9 AM,4 PM – 9 AM,4 PM – 9 AM,4 PM – 9 AM,4 PM – 9 AM,4 PM – 9 AM,4 PM – 9 AM,4 PM – 9 AM,4 PM – 9 AM,4 PM – 9 AM,4 PM – 9 AM,4 PM – 9 AM,4 PM – 9 AM,4 PM – 9 AM,4 PM – 9 AM,Red,White,1x1,Fluorescent,Fish6,FishNishikigoi,FtrFishNishikigoi,2220,kNwjLeqjg8bFevfiG
22,  black bass  ,400,River,Large,0,4–12,No,All day,All day,All day,All day,All day,All day,All day,All day,All day,All day,All day,All day,All day,All day,All day,All day,All day,All day,All day,All day,All day,All day,All day,All day,Green,Black,1x1,Fluorescent,Fish19,FishBlackbass,FtrFishBlackbass,2234,wAZvfTca7GyaTtLcQ
48,sea horse,1100,Sea,X-Small,0,5–7,No,NA,NA,NA,All day,All day,All day,All day,All day,All day,All day,All day,NA,All day,All day,All day,All day,All day,NA,NA,NA,NA,All day,All day,All day,Orange,Black,1x1,Fluorescent,Fish39,FishTatsunootoshigo,FtrFishTatsunootoshigo,2256,Pw5oZqC29NWEGRfyS
37,  betta  ,2500,River,Small,20,1–4,No,NA,NA,NA,NA,9 AM – 4 PM,9 AM – 4 PM,9 AM – 4 PM,9 AM – 4 PM,9 AM – 4 PM,9 AM – 4 PM,NA,NA,9 AM – 4 PM,9 AM – 4 PM,9 AM – 4 PM,9 AM – 4 PM,NA,NA,NA,NA,NA,NA,9 AM – 4 PM,9 AM – 4 PM,Light blue,Black,1x1,Fluorescent,Fish77,FishBeta,FtrFishBeta,4191,7QcQXzwZoNGiNA94k
10,  killifish  ,300,Pond,X-Small,0,3–4,No,NA,NA,NA,All day,All day,All day,All day,All day,NA,NA,NA,NA,All day,All day,NA,NA,NA,NA,NA,NA,NA,All day,All day,All day,Yellow,Black,1x1,Fluorescent,Fish9,FishMedaka,FtrFishMedaka,2222,ZR9dsEApEXCjtXu3k
50,surgeonfish,1000,Sea,Small,0,2,No,NA,NA,NA,All day,All day,All day,All day,All day,All day,NA,NA,NA,All day,All day,All day,NA,NA,NA,NA,NA,NA,All day,All day,All day,Blue,Black,1x1,Fluorescent,Fish41,FishNanyouhagi,FtrFishNanyouhagi,2258,s7iioofF5C7PzCZyF
60,red snapper,3000,Sea,Large,0,5–7,No,All day,All day,All day,All day,All day,All day,All day,All day,All day,All day,All day,All day,All day,All day,All day,All day,All day,All day,All day,All day,All day,All day,All day,All day,Red,Black,1x1,Fluorescent,Fish49,FishTai,FtrFishTai,2267,iY4zfgojAfLskW4CQ
78,oarfish,,Sea,XX-Large,50,1,Yes,All day,All day,All day,All day,All day,NA,NA,NA,NA,NA,NA,All day,NA,NA,NA,NA,NA,All day,All day,All day,All day,All day,All day,NA,Red,Blue,3x2,No lighting,Fish69,FishRyuuguunotukai,FtrFishRyugu,2283,qgvEPGk759xaBqwXP
21,yellow perch,300,River,Medium,0,7–10,No,All day,All day,All day,NA,NA,NA,NA,NA,NA,All day,All day,All day,NA,NA,NA,All day,All day,All day,All day,All day,All day,NA,NA,NA,Yellow,Black,1x1,Fluorescent,Fish18,FishYellowparch,FtrFishYellowparch,2233,bLgE5dicZniF5zZDW
7,  goldfish  ,1300,Pond,X-Small,0,1–4,No,All day,All day,All day,All day,All day,All day,All day,All day,All day,All day,All day,All day,All day,All day,All day,All day,All day,All day,All day,All day,All day,All day,All day,All day,Red,Light blue,1x1,No lighting,Fish7,FishKingyo,FtrFishKingyo,329,5NwmwhEQxBNZCPiBR
12,  soft-shelled turtle  ,3750,River,Large,20,4,No,NA,NA,NA,NA,NA,NA,NA,4 PM – 9 AM,4 PM – 9 AM,NA,NA,NA,NA,4 PM – 9 AM,4 PM – 9 AM,NA,NA,NA,NA,NA,NA,NA,NA,NA,Green,Black,1x1,No lighting,Fish65,FishSuppon,FtrFishSuppon,2224,izuY2f4GtEGT3BtuR
51,  butterfly fish  ,1000,Sea,Small,0,4–5,No,NA,NA,NA,All day,All day,All day,All day,All day,All day,NA,NA,NA,All day,All day,All day,NA,NA,NA,NA,NA,NA,All day,All day,All day,Yellow,Black,1x1,Fluorescent,Fish42,FishChouchouuo,FtrFishChouchouuo,2259,S4rkio2M3WB5cyy8Y
47,  sea butterfly  ,1000,Sea,X-Small,0,10–11,No,All day,All day,All day,NA,NA,NA,NA,NA,NA,NA,NA,All day,NA,NA,NA,NA,NA,All day,All day,All day,All day,NA,NA,NA,White,Black,1x1,Fluorescent,Fish37,FishKurione,FtrFishKurione,2255,kd5beizyQGeyjeM79
9,ranchu goldfish,,Pond,Small,20,1–2,No,9 AM – 4 PM,9 AM – 4 PM,9 AM – 4 PM,9 AM – 4 PM,9 AM – 4 PM,9 AM – 4 PM,9 AM – 4 PM,9 AM – 4 PM,9 AM – 4 PM,9 AM – 4 PM,9 AM – 4 PM,9 AM – 4 PM,9 AM – 4 PM,9 AM – 4 PM,9 AM – 4 PM,9 AM – 4 PM,9 AM – 4 PM,9 AM – 4 PM,9 AM – 4 PM,9 AM – 4 PM,9 AM – 4 PM,9 AM – 4 PM,9 AM – 4 PM,9 AM – 4 PM,Red,Black,1x1,No lighting,Fish85,FishRanchu,FtrFishRanchu,5254,4NE2SteWKEaBYjgWb
