Name,Species,Gender,Personality,Hobby,Birthday,Catchphrase,Favorite Song,Style 1,Style 2,Color 1,Color 2,Wallpaper,Flooring,Furniture List,Filename,Unique Entry ID
Anchovy,Bird,Male,Lazy,Play,4-Mar,chuurp,K.K. Ragtime,Simple,Simple,Colorful,Orange,modern wood wall,simple red flooring,863;791;937;1177;3681;1081;1087;4014;1853;1852;1852,brd02,T9ya79MPxRxcR4tae
BISKIT,Dog,Male,Lazy,Play,13-May,dawg,K.K. Mambo,Gorgeous,Simple,Purple,Colorful,backyard-fence wall,backyard lawn,1199;2592;1082;1631;4113;3430;4038;1620;4003;338;7403,dog03,nfeef6XSSstGwrbWo
  BENEDICT  ,Chicken,Male,Lazy,Play,10-Oct,uh-hoo,I Love You,Simple,Simple,Blue,Purple,backyard-fence wall,backyard lawn,3962;1199;4003;3348;4113;1631;3468;330;7148;1799,chn01,BjcoELiTM3m8StExF
  rodney  ,Hamster,Male,Smug,Music,10-Nov,le ham,K.K. Rockabilly,Gorgeous,Cool,Pink,Colorful,blue diner wall,green vinyl flooring,863;937;791;1852;1853;1852;4441;1277;4144;7392;1087,ham03,AnFmctYx65LkTaFGu
  Ursala  ,Bear,Female,Big Sister,Music,16-Jan,grooomph,Café K.K.,Simple,Cute,Red,Orange,café-curtain wall,green honeycomb tile,1227;4132;3270;3438;7132;3396;2586;3943;2713;4003;3775,bea08,zodRh39TrqXPbGW49
  VIC  ,Bull,Male,Cranky,Fitness,29-Dec,cud,K.K. March,Cool,Active,Light blue,Blue,sea view,ship deck,791;1266;4043;3449;3449;3615;4135;1266;4077;4077;4077;4077;4077;4077;4077;4077;4077;4077;4077;4077;7800,bul08,9ouwtyzDNP65WJv77
Bree,Mouse,Female,Snooty,Fashion,7-Jul,cheeseball,K.K. Bossa,Elegant,Gorgeous,Black,Blue,white botanical-tile wall,blue desert-tile flooring,4052;4051;4049;2776;3775;4098;1840;4054;4003;1227;4048,mus03,6khpEinhKwWjzZh9S
  RUDY  ,Cat,Male,Jock,Play,20-Dec,mush,K.K. Blues,Active,Simple,Yellow,Beige,green playroom wall,pine-board flooring,3205;4756;2605;4762;3122;2560;85;4123;7133;4758,cat20,TqXTvnySgEac3iEt7
murphy,Cub,Male,Cranky,Education,29-Dec,malarkey,K.K. Safari,Simple,Cool,Blue,White,woodland wall,jungle flooring,5972;7142;343;4038;787;7393;4043;1432;4035,cbr07,Nw4ojqKpHxBQfEqqo
Dizzy,Elephant,Male,Lazy,Play,14-Jul,woo-oo,Two Days Ago,Simple,Simple,Yellow,Blue,yellow playroom wall,backyard lawn,86;1558;3623;5543;4111;3584;85;3205;1557;1561,elp01,vthzJrsaM6Y7dykA5
Patty,Cow,Female,Peppy,Fashion,10-May,how-now,K.K. Calypso,Simple,Cute,Orange,Red,backyard-fence wall,wildflower meadow,865;1620;7142;3396;1778;2586;1829,cow00,WwWCGiveKwyuntnBe
gigi,Frog,Female,Snooty,Fashion,11-Aug,ribbette,K.K. Swing,Gorgeous,Elegant,Black,White,purple-rose wall,purple desert-tile flooring,7235;3683;998;4080;4015;1227;3951;4048;794;10244;3428,flg16,QX93pNfztrLZvLxdC
  CHARLISE  ,Bear,Female,Big Sister,Fitness,17-Apr,urgh,Mr. K.K.,Active,Cute,Red,Orange,tree-lined wall,racetrack flooring,2010;1598;4081;2010;3947;787;4226;3946;3960;1870,bea12,QqCXo64EBwXSrukSr
  Knox  ,Chicken,Male,Cranky,Education,23-Nov,cluckling,K.K. Chorale,Elegant,Gorgeous,Brown,Red,palace wall,palace tile,1081;5956;7348;7348;8825;8825;8825;8825;3772;3772;3772;3772;5959;794,chn11,25GGGSHzwEnKmepJk
Shari,Monkey,Female,Big Sister,Music,10-Apr,cheeky,K.K. Cruisin',Cute,Active,Light blue,Yellow,purple desert-tile wall,rosewood flooring,4054;4053;4045;4051;3775;4046;4049;4048;4080;7235;3563,mnk07,sR4EndxJk6uqcQKxB
  PEEWEE  ,Gorilla,Male,Cranky,Fitness,11-Sep,li'l bitty baby,K.K. Rock,Active,Cool,Orange,Blue,steel-frame wall,concrete flooring,1452;1803;4141;4138;3251;8417;4078;1241;9766;4441;7528;928;7324;7800;787,gor01,HAeZAgW5pywjmCBeu
  Cole  ,Rabbit,Male,Lazy,Nature,10-Aug,coooooool,K.K. Faire,Simple,Cute,Orange,Colorful,tropical vista,sandy-beach flooring,3468;7259;665;664;669;1117;7148;7868;9584;3697;3345;7359,rbt18,YaWjP3XtbFqn8YPNd
  Antonio  ,Anteater,Male,Jock,Fitness,20-Oct,honk,K.K. Ragtime,Simple,Simple,Light blue,Blue,starry wall,wooden-knot flooring,3438;1759;4125;2605;1913;3122;3439;2560;4308;4757,ant01,RQNii4nDE2AWswpgE
  elise  ,Monkey,Female,Snooty,Fashion,21-Mar,puh-lease,K.K. Bossa,Elegant,Gorgeous,Purple,Red,abstract wall,simple purple flooring,3971;3957;4053;3615;4046;3784;4129;4027;3958;4015;3783;794;1211,mnk05,taRZ4jRFMGPkxCZo4
  merengue  ,Rhino,Female,Normal,Nature,19-Mar,shortcake,K.K. Ballad,Cute,Simple,White,Red,pastel dotted wall,mint dot flooring,4109;1866;3998;998;4000;3697;3785;7134;1161;3467;4139;1043;4019;3416,rhn07,qxaecyD6f6aHuNZKK
  Admiral  ,Bird,Male,Cranky,Nature,27-Jan,aye aye,Steep Hill,Cool,Cool,Black,Blue,dirt-clod wall,tatami,717;1849;7047;2736;787;5970;3449;3622;3802;4106;3438;4029,brd06,B3RyfNEqwGmcccRC3
Ketchup,Duck,Female,Peppy,Play,27-Jul,bitty,Neapolitan,Cute,Cute,Light blue,White,ivy wall,backyard lawn,4003;1157;1143;5970;1631;3962;2020;4043;3619;3946;7405;1082;3960,duk13,CaQE3xJ4A7tgQXDMW
  Twiggy  ,Bird,Female,Peppy,Fashion,13-Jul,cheepers,Bubblegum K.K.,Simple,Cute,Pink,Blue,white botanical-tile wall,gray argyle-tile flooring,4035;4080;4051;4046;4054;3971;4048;4338;3948;331;1829;1829,brd03,P6sD4cQvXFHHvNcz8
JAMBETTE,Frog,Female,Normal,Fashion,27-Oct,croak-kay,K.K. Cruisin',Cool,Cool,Brown,Brown,botanical-tile wall,rosewood flooring,4052;4049;4054;790;4051;4132;4046;7353;1797;4130,flg13,9bG8kLsEtaodApHoX
  cherry  ,Dog,Female,Big Sister,Music,11-May,what what,K.K. D&B,Cool,Elegant,Black,Purple,cityscape wall,skull-print flooring,7235;1840;3468;3615;3943;3958;10244;4030;7232;4017;7232;7382,dog17,tafi3Cfsf4wbwC9LW
EUNICE,Sheep,Female,Normal,Fashion,3-Apr,lambchop,K.K. Disco,Simple,Elegant,Beige,Orange,blue tile wall,blue rubber flooring,1227;1227;1227;1227;1227;1227;1227;1227;7529;1802;1165;2556;7529;1227;1227;7529;1227;7529;1227;3560;4048;3431;3697;3586;1744,shp02,dbAfEFetNQpXajtch
elmer,Horse,Male,Lazy,Play,5-Oct,tenderfoot,K.K. Country,Simple,Cool,Blue,White,backyard-fence wall,backyard lawn,4038;5970;7142;3675;880;1631;5972;4043;3229;1708,hrs03,LcRhQqeH8u7PboJ73
peck,Bird,Male,Jock,Play,25-Jul,crunch,My Place,Simple,Active,Beige,Red,camo wall,blue-paint flooring,1241;3205;4129;4759;3623;4763;4756;5543;4753;3438;2731;3986,brd17,TC9QnMpcjfskBGzwB
Muffy,Sheep,Female,Big Sister,Music,14-Feb,nightshade,K.K. Sonata,Gorgeous,Elegant,Black,Purple,black botanical-tile wall,purple desert-tile flooring,1153;3449;7236;9642;1127;4027;1227;4048;7531;3957;3943;3560;7337;3442;1128,shp12,BMbfDZTTqMr8T4Jvt
Skye,Wolf,Female,Normal,Music,24-Mar,airmail,Forest Life,Cute,Cute,Blue,White,blue heart-pattern wall,simple white flooring,7236;2554;4027;2605;3681;1081;3439;7346;1161;2560;1836;3438;4111;3949,wol09,y8Mi2cSB26qfaxCa3
  Walker  ,Dog,Male,Lazy,Play,10-Jun,wuh,Two Days Ago,Simple,Simple,Orange,Red,yellow playroom wall,colorful tile flooring,3701;3702;4125;2605;4003;7144;3438;4111;5543;3623;2560;3584;1411,dog06,rh6PGwW3Lg6EFcfo6
bluebear,Cub,Female,Peppy,Fashion,24-Jun,peach,Only Me,Cute,Simple,White,Blue,blue simple-cloth wall,blue dot flooring,3995;3998;3997;3999;3624;4000;3996;4003;4002;4001,cbr00,ytYM52sRa4vhWW9cF
MAPLE,Cub,Female,Normal,Education,15-Jun,honey,Forest Life,Simple,Cute,Beige,Green,green blossoming wall,wooden-knot flooring,3251;2605;1032;865;4117;7144;3949;3438;4003;9766;1125;4119;7466;7134;3586;1870;928;1501,cbr01,xgPhy4TnDmnzSkZ6o
  Cashmere  ,Sheep,Female,Snooty,Fashion,2-Apr,baaaby,Farewell,Gorgeous,Elegant,Purple,Beige,rustic-stone wall,slate flooring,5970;4117;2605;1153;3943;3449;7133;4338;7538;3438;4230;7681;4119,shp04,dnRDXd86NcXDNHyf4
  PIPPY  ,Rabbit,Female,Peppy,Fashion,14-Jun,li'l hare,Drivin',Cute,Simple,Green,Brown,mod wall,blue-paint flooring,2554;4015;3683;1913;7528;4003;3122;1792;3621;9546;3443;3252;1783;7338,rbt06,zRveogN878Fugd5ga
  CHERI  ,Cub,Female,Peppy,Fashion,17-Mar,tralala,K.K. Disco,Simple,Cute,Yellow,Light blue,red dotted wall,simple white flooring,4125;3251;4132;2554;1757;928;4017;4030;7380;3624;3560;2776;4000;7380;3993;3672;4003;9766;1125,cbr10,MpumYkzF382cPoRt5
  Tipper  ,Cow,Female,Snooty,Fashion,25-Aug,pushy,Soulful K.K.,Gorgeous,Cute,Colorful,Pink,white hallway wall,stone tile,3681;2554;3957;1227;1757;4030;2561;1229;1875;2560;4338,cow01,ZWevBdWKRpz7DC7B4
Bam,Deer,Male,Jock,Play,7-Nov,kablang,K.K. Blues,Active,Simple,Green,Brown,concrete wall,blue rubber flooring,833;7529;7529;4003;4026;7150;1181;3946;1759;4116;3431,der01,2yvPukPn4ZSamngmb
  del  ,Alligator,Male,Cranky,Fitness,27-May,gronk,Pondering,Cool,Simple,Blue,White,industrial wall,ship deck,3563;3943;3560;3992;1567;1567;8417;7529;7529;7526;4026;7280;7280;3560;7528;7262;7599;7280,crd04,Eqn3ZXJtMBrEYtm7u
  hamlet  ,Hamster,Male,Jock,Play,30-May,hammie,K.K. Reggae,Simple,Active,Purple,Blue,blue playroom wall,colorful puzzle flooring,4759;5543;1558;3205;4758;1241;3584;4762;3623;4760;3208;7258,ham00,LA2HHrtZ6beHgmKpL
  FRANCINE  ,Rabbit,Female,Snooty,Fashion,22-Jan,karat,K.K. Cruisin',Elegant,Gorgeous,Blue,Black,cute blue wall,blue dot flooring,4053;4052;4017;4030;3995;4000;3999;4002;2560;4001;6676;4338;1757;3996,rbt12,eJZX7wDRYqatmKBKr
  SALLY  ,Squirrel,Female,Normal,Music,19-Jun,nutmeg,Only Me,Simple,Elegant,White,Beige,yellow intricate wall,dark parquet flooring,2605;3251;1792;7134;7143;7352;7133;9766;7137;6079;928;6075;3618;3275;2560;3438;4338;3948;7352;6078,squ07,jtXMvWWbQ9qN2iw7S
Coach,Bull,Male,Jock,Fitness,29-Apr,stubble,Mr. K.K.,Active,Active,Blue,Red,chain-link fence,racetrack flooring,2010;3821;7535;4006;4006;4081;7535;2020;4226;4006;3946;7800;3960,bul07,mYwCLsd8MxLwWALjQ
Tad,Frog,Male,Jock,Play,3-Aug,sluuuurp,Wandering,Active,Simple,Yellow,Colorful,rice-paddy wall,field flooring,7142;6033;787;7345;1120;7393;710;5978,flg09,v74Hs9XT2zRC6gDjE
  rex  ,Lion,Male,Lazy,Nature,24-Jul,cool cat,Wandering,Simple,Cute,Blue,Light blue,summit wall,daisy meadow,7142;1430;1432;1143;4042;1082;1434;1433;4038;3697,lon02,umQmbALHn7dbiMrYL
  BIG TOP  ,Elephant,Male,Lazy,Play,3-Oct,villain,Go K.K. Rider,Simple,Active,Green,Green,construction-site wall,steel flooring,1452;2556;7152;4013;4116;290;3672;787;6475,elp02,o2NPbZGfMvTD7Se5i
  BROCCOLO  ,Mouse,Male,Lazy,Play,30-Jun,eat it,I Love You,Simple,Cute,Colorful,Yellow,blue playroom wall,pastel puzzle flooring,2605;7134;7467;3965;1559;3623;5543;3208;7147;1561;86;7144;4003,mus12,yH5PZX3bdHRRxhCCX
  opal  ,Elephant,Female,Snooty,Fashion,20-Jan,snoot,K.K. Cruisin',Elegant,Cool,Black,Orange,brown botanical-tile wall,olive desert-tile flooring,1840;3971;3973;3970;10742;3270;4050;4017;4030;3974;10244;3972;4338,elp00,FYopCfP6LEKMEAP7F
  gabi  ,Rabbit,Female,Peppy,Fashion,16-Dec,honeybun,Neapolitan,Cute,Gorgeous,Brown,Red,beaded-curtain wall,orange retro flooring,928;4017;4030;3971;1757;3439;4003;2740;2776;2713;3683;3270;3618,rbt05,WC97mFMgiZixDfcRZ
  DOTTY  ,Rabbit,Female,Peppy,Fashion,14-Mar,wee one,Drivin',Simple,Cute,Blue,Black,green intricate wall,pine-board flooring,3251;4027;1845;2561;4132;928;2605;7134;3436;9766;7137;3438;3275;7354;3467;3282;4338,rbt01,CRMJaAokcTnrXsQdp
  Dom  ,Sheep,Male,Jock,Play,18-Mar,indeedaroo,K.K. Country,Active,Cute,Red,Colorful,backyard-fence wall,backyard lawn,3675;1708;4038;5970;3962;5973;338;5973;4042;5973;1157;1631;1082;5973,shp15,T6YJZ7vj2X52zmDcp
queenie,Ostrich,Female,Snooty,Fashion,13-Nov,chicken,K.K. Gumbo,Gorgeous,Elegant,Black,Gray,abstract wall,dark parquet flooring,4049;4109;4051;4054;3270;4052;4045;4046;4053;4338;3775,ost00,4vYPTrcRBimNwXmcC
broffina,Chicken,Female,Snooty,Music,24-Oct,cluckadoo,K.K. Flamenco,Gorgeous,Elegant,Black,Red,purple desert-tile wall,rosewood flooring,1840;3951;1081;8465;4117;1288;3958;4017;794;3428;7235;3954;4027,chn12,XSjgXrChHy9Trd5Pa
AVERY,Eagle,Male,Cranky,Music,22-Feb,skree-haw,K.K. Condor,Simple,Gorgeous,Orange,Brown,western vista,rocky-mountain flooring,343;343;1430;3398;7393;10743;7345;3397;4025;4073,pbr05,SKF5NqPPqzjL7dEng
  BECKY  ,Chicken,Female,Snooty,Music,9-Dec,chicklet,K.K. Chorale,Gorgeous,Elegant,Purple,Pink,palace wall,palace tile,3954;1449;3958;794;2772;1058;1875;3681;987,chn09,D7Atj8BuHK6mgwwvZ
chops,Pig,Male,Smug,Education,13-Oct,zoink,K.K. Moody,Gorgeous,Elegant,Red,Green,black-crown wall,simple red flooring,863;742;794;1103;3561;3954;1081;3958;4029;3340,pig14,8t9Bc5vqJ2vbtcjf5
GLORIA,Duck,Female,Snooty,Fashion,12-Aug,quacker,Animal City,Gorgeous,Elegant,Black,Gray,café-curtain wall,sidewalk flooring,3509;3509;8031;3816;3816;1092;144;4070,duk15,7iiegnbmMRDeDaC3t
  ricky  ,Squirrel,Male,Cranky,Education,14-Sep,nutcase,K.K. Safari,Cool,Simple,Blue,Red,woodland wall,swamp flooring,7142;7393;4393;533;3675;533;7345;4038;1432;533;533;4042;3697;889,squ10,g5JArfBAeNAXb8rFX
  celia  ,Eagle,Female,Normal,Nature,25-Mar,feathers,K.K. Soul,Elegant,Cute,Pink,Green,white botanical-tile wall,light herringbone flooring,4052;4051;4047;4049;1288;7236;2713;4054;3467;4046;4130;4111;3270,pbr09,L8cCZBvY4JW4KsDGy
Beau,Deer,Male,Lazy,Nature,5-Apr,saltlick,Mountain Song,Simple,Cute,Beige,Orange,meadow vista,daisy meadow,1157;5970;7393;1434;1143;4042;6033;7404;1708;1082,der07,zbkkW8wWbmyGAZauv
JACQUES,Bird,Male,Smug,Music,22-Jun,zut alors,K.K. Technopop,Cool,Simple,Green,Black,concrete wall,steel flooring,4138;1165;4139;4441;941;1850;4144;6827;4138;4143;1171;4141;955;6827;6827,brd16,sXDhuuCThhtuQRDAe
  Stitches  ,Cub,Male,Lazy,Play,10-Feb,stuffin',I Love You,Simple,Cute,Colorful,White,blue quilt wall,patchwork-tile flooring,7144;3206;3623;2605;3305;7147;2560;9543;4003;5543;7141;7133;7140;7134;7258;3584;7145;7462;1501,cbr05,SfGuc8givs3kR8kvM
Melba,Koala,Female,Normal,Education,12-Apr,toasty,K.K. Stroll,Cute,Cute,White,Green,blue blossoming wall,green-paint flooring,3683;4003;4132;3445;2605;7137;3436;3428;3438;2740;7134;1792;4111;7353;3785;4308,kal02,sLBs68aveqtjT8HZJ
  Pekoe  ,Cub,Female,Normal,Nature,18-May,bud,Imperial K.K.,Elegant,Cute,Red,Beige,exquisite wall,bamboo flooring,3971;3971;3973;3972;6031;794;8415;3974;4033;3970,cbr14,QvWvWxjFtNLCnZES5
HOPKINS,Rabbit,Male,Lazy,Nature,11-Mar,thumper,Pondering,Simple,Active,Blue,Yellow,concrete wall,cool vinyl flooring,8226;8226;8225;3428;8225;1802;8227;8227;971;1165;957;955;12207,rbt14,EeTwHAQeWyShyg7pm
flo,Penguin,Female,Big Sister,Music,2-Sep,cha,Space K.K.,Cool,Gorgeous,Red,Purple,ice wall,ice flooring,7235;4015;3498;3498;4054;1929;4338;8394;3562;998;4279;928;3559;3428,pgn13,6cB5T5yZtevY6d2jp
alice,Koala,Female,Normal,Education,19-Aug,guvnor,Aloha K.K.,Cute,Cute,Red,Pink,white botanical-tile wall,light parquet flooring,4052;4054;4129;4053;4049;3615;4051;7353;4130;3428;4046;4338,kal01,wkPJDHMMMTK24eqzC
  Blanche  ,Ostrich,Female,Snooty,Nature,21-Dec,quite so,K.K. Jongara,Elegant,Gorgeous,Black,Brown,standard tearoom wall,tatami flooring,3230;1029;725;7047;7865;3551;3974;4033;3970,ost08,2B4NDzz69JKjjqF9o
Dobie,Wolf,Male,Cranky,Nature,17-Feb,ohmmm,Agent K.K.,Simple,Cool,Brown,Beige,classic-library wall,dark herringbone flooring,3784;3561;1759;8036;3951;4106;4029;4034;4116;3672;1750;3672;3958;3783;794;1759;4110;1211,wol04,YjMXvmH5eovNYShdE
mitzi,Cat,Female,Normal,Education,25-Sep,mew,K.K. Love Song,Simple,Simple,Brown,Beige,blue painted-wood wall,light herringbone flooring,2560;3251;2605;2713;7134;3562;7133;7136;1288,cat01,4DpkbYXeoySwonvkS
TIFFANY,Rabbit,Female,Snooty,Fashion,9-Jan,bunbun,K.K. Ragtime,Gorgeous,Cool,Black,Red,black-crown wall,red-and-black vinyl flooring,863;937;937;1087;2554;791;4143;7348;4139;1087;3428;955;3428,rbt07,yhaDSkcEFYP6urwjN
tia,Elephant,Female,Normal,Nature,18-Nov,teacup,K.K. Bossa,Cute,Elegant,Black,White,café-curtain wall,brown iron-parquet flooring,1627;2554;1866;1626;3194;3467;915;8395;2713;3251;7236;1845;3270;3618,elp10,2SK8tjSB8JvYLgPn9
  Derwin  ,Duck,Male,Lazy,Play,25-May,derrrr,K.K. Stroll,Simple,Elegant,Yellow,Beige,backyard-fence wall,backyard lawn,4003;4379;4379;2329;3509;2329;1116;1631;1199,duk08,nBcDHyXheHurcisiL
WEBER,Duck,Male,Lazy,Nature,30-Jun,quaa,K.K. Fusion,Cool,Simple,Blue,Black,black perforated-board wall,cork flooring,1875;3681;4121;1171;1803;383;846;1804;8096;3822;1899,duk11,QrbKSTR4H9tFKBofW
  al  ,Gorilla,Male,Lazy,Fitness,18-Oct,ayyyeee,Go K.K. Rider,Active,Active,Red,White,concrete wall,green rubber flooring,1452;4078;4013;833;4116;3697;7845;3307;3946;3960;7800,gor08,LBifxETQJGEaLhBjC
  astrid  ,Kangaroo,Female,Snooty,Music,8-Sep,my pet,K.K. Gumbo,Cool,Active,Black,Colorful,backyard-fence wall,backyard lawn,1170;4379;2329;2329;2329;1708;3962;2319;3430;1199,kgr05,qrki2afmbkBQ6DbmZ
COLTON,Horse,Male,Smug,Nature,22-May,check it,K.K. Chorale,Gorgeous,Elegant,Blue,Red,palace wall,palace tile,7236;2554;5956;3681;3957;1875;742;915;685,hrs11,GgsrLhmh3FL4ZiAPB
  NATE  ,Bear,Male,Lazy,Play,16-Aug,yawwwn,Forest Life,Simple,Simple,White,Green,woodland wall,daisy meadow,1759;1157;5635;4038;4035;4043;4038;1266;3697;5972,bea05,h2nAg5RGkR7NEnSQq
  PANGO  ,Anteater,Female,Peppy,Fashion,9-Nov,snooooof,K.K. Oasis,Elegant,Cool,Orange,Purple,imperial wall,gold iron-parquet flooring,3973;3971;3974;3472;4054;4053;3972;794;1757,ant02,dz29mEXmHc8mM3q7R
Butch,Dog,Male,Cranky,Music,1-Nov,ROOOOOWF,K.K. Western,Cool,Simple,Blue,Gray,western vista,highway flooring,4759;1567;146;1185;3692;9568;1708;4759;4140;1881,dog01,NPbD69TfvJAorLZ9a
  spork  ,Pig,Male,Lazy,Play,3-Sep,snork,Forest Life,Simple,Active,Green,Colorful,woodland wall,swamp flooring,7142;4393;4038;5970;4043;1432;1157;1082;3697;1434;7393,pig05,NeqP5jCsuLugbA2PW
Tammy,Cub,Female,Big Sister,Play,23-Jun,ya heard,DJ K.K.,Cool,Active,Red,Purple,yellow intricate wall,giraffe-print flooring,3998;4003;3624;3995;1288;7137;1032;3490;3428;4028;7541;9311,cbr17,vw7ussv29jkjDdnJ7
  Maddie  ,Dog,Female,Peppy,Play,11-Jan,yippee,K.K. Stroll,Simple,Cute,Purple,Pink,meadow vista,wildflower meadow,4003;6033;7599;975;2614;3962;3064;1082;4042;3619;3960;7463,dog09,ebHEDLT4WnnnPtDzK
  Chrissy  ,Rabbit,Female,Peppy,Fashion,28-Aug,sparkles,Bubblegum K.K.,Cute,Cute,Pink,White,red dotted wall,cute red-tile flooring,3999;3624;4002;3996;4000;3997;4003;6675;4001;3998;3995,rbt13,pYMsB8AHagkRht8RX
Marcie,Kangaroo,Female,Normal,Nature,31-May,pouches,K.K. Aria,Cute,Elegant,Pink,Beige,pink quilt wall,pine-board flooring,7134;7336;3616;7531;2740;4109;88;2560;7132;4003;3305;9542;3996;9565,kgr10,mSJuJRK54zTu3BkHr
MOE,Cat,Male,Lazy,Play,12-Jan,myawn,Two Days Ago,Active,Simple,Black,Gray,blue subway-tile wall,stripe flooring,3995;7134;1561;4003;3208;4759;4762;3623;1559;4761,cat08,EYRuj39J5cS5eYuPD
Flurry,Hamster,Female,Normal,Nature,30-Jan,powderpuff,Hypno K.K.,Elegant,Cute,Red,Pink,beige blossoming wall,arabesque flooring,3681;2561;2560;9766;928;3949;1798;3251;7134;3122;957;4003;2605;1081;1348,ham06,B4cpBYrewfSK3WN6M
  truffles  ,Pig,Female,Peppy,Fashion,28-Jul,snoutie,Neapolitan,Cute,Gorgeous,Green,Red,mod wall,brown honeycomb tile,2713;4003;3428;2561;7132;3616;3998;3952;7536;1888,pig01,3oNZnyk4zv3zJD2m5
Jay,Bird,Male,Jock,Fitness,17-Jul,heeeeeyy,K.K. Country,Active,Active,Blue,Light blue,stacked-wood wall,rosewood flooring,4037;4094;4038;4043;3675;331;4042;7142;3697;4130,brd00,zv7EfaEb2TnPwmQxe
Sheldon,Squirrel,Male,Jock,Play,26-Feb,cardio,K.K. Country,Active,Cool,Green,Yellow,forest wall,forest flooring,7142;7788;3806;4708;3805;805;4035;805;808;1870;3808;787,squ16,KQG9B6Yp57KhnDiZ9
Tom,Cat,Male,Cranky,Education,10-Dec,me-YOWZA,K.K. Rock,Cool,Simple,Black,Gray,shutter wall,paintball flooring,4759;2020;4759;4759;875;3697;1241;4113;2592;1189;7528;8417;3967;4687,cat15,2vHKegY3XyX2DBc6G
naomi,Cow,Female,Snooty,Fashion,28-Feb,moolah,K.K. Milonga,Elegant,Gorgeous,Colorful,Purple,red art-deco wall,lobby flooring,794;3957;3951;3956;3959;3950;2554;3954;3955;3953,cow07,3EXPYiDinngndhDng
LIMBERG,Mouse,Male,Cranky,Education,17-Oct,squinky,K.K. Folk,Simple,Cool,Green,Blue,autumn wall,mossy-garden flooring,10743;7408;1111;4271;4271;7788;7390,mus01,BnXXdXegMXE9HmZiy
chadder,Mouse,Male,Smug,Fitness,15-Dec,fromage,K.K. Soul,Elegant,Gorgeous,Black,Gray,cityscape wall,dark wood-pattern flooring,4015;1840;3468;4098;2776;3683;794;3971;4129;929;4030;3428,mus18,4BLXuRhdjJ9TzvRyA
curly,Pig,Male,Jock,Fitness,26-Jul,nyoink,K.K. Reggae,Simple,Active,Yellow,Colorful,common wall,wooden-knot flooring,4030;2554;3251;2713;1232;8298;1229;5543;3439;4003;4118;7352;3282,pig00,kRGwwKyoSLKh9g2Tk
  cyrano  ,Anteater,Male,Cranky,Education,9-Mar,ah-CHOO,K.K. Lament,Cool,Active,Yellow,Beige,shoji screen,tatami,722;3230;3658;3556;3554;7048;7047;716,ant00,JaNDeYdAuiJCYZbAx
  apollo  ,Eagle,Male,Cranky,Music,4-Jul,pah,K.K. Rock,Cool,Simple,Black,Black,shutter wall,slate flooring,4052;4141;4441;863;3428;793;1288;4139;4014;3586,pbr00,25sZq7NjGGADiEXtR
  Camofrog  ,Frog,Male,Cranky,Music,5-Jun,ten-hut,K.K. Safari,Cool,Active,Blue,White,jungle wall,camo flooring,7142;3822;4081;533;1143;865;4038;331;4043;889;1432,flg03,5akmmJeoXXhcpdf8e
Goose,Chicken,Male,Jock,Fitness,4-Oct,buh-kay,K.K. Country,Simple,Active,Blue,White,green painted-wood wall,artsy parquet flooring,3439;1913;3122;2605;3251;2713;3438;787;2560;3818;4123,chn00,5iSyoeFknLsoYManw
Amelia,Eagle,Female,Snooty,Music,19-Nov,cuz,K.K. Condor,Cool,Elegant,Black,White,summit wall,common flooring,4043;4042;4041;794;383;9313;4044;4036;4393;3229;4123,pbr01,gWpcHhfpuN4MSTdhF
  audie  ,Wolf,Female,Peppy,Fitness,31-Aug,foxtrot,K.K. Island,Cute,Active,Green,White,tropical vista,green floral flooring,4046;787;3615;4143;1866;4109;3672;975;3431;4054;3684;8395;7259,wol12,2tufzN7iwjncqLu7Y
  tybalt  ,Tiger,Male,Jock,Play,19-Aug,grrrRAH,K.K. Groove,Active,Simple,Blue,Purple,blue-paint wall,tiger-print flooring,1452;7654;4138;7845;4139;1241;8298;7528;4141;4003;8417;4756,tig02,Q49mH4FY3BrgFDoyN
STU,Bull,Male,Lazy,Nature,20-Apr,mrooooo,K.K. Rockabilly,Simple,Simple,Brown,Beige,chain-link fence,sidewalk flooring,7654;7654;7161;1185;4070;4309;3672;1708;2614,bul03,rcPtvvvscvkEWG7AF
  sprocket  ,Ostrich,Male,Jock,Music,1-Dec,zort,K.K. Metal,Simple,Active,Orange,Green,future-tech wall,circuit-board flooring,1645;941;849;1045;950;7257;1804;849;1803,ost03,mFq536yZgoy7zEbKd
  Wolfgang  ,Wolf,Male,Cranky,Education,25-Nov,snarrrl,K.K. D&B,Cool,Active,Black,Green,dark wooden-mosaic wall,stripe flooring,4117;7323;7323;3275;4109;3270;3196;4338;3200;3562;3271;3818;1043;3194;3282;3193;4114;7800,wol02,RbF2wcn6jRxtgLDRd
HUGH,Pig,Male,Lazy,Play,30-Dec,snortle,My Place,Simple,Active,Beige,Yellow,blue playroom wall,colorful puzzle flooring,1434;4003;4109;4135;6033;3582;7392;3672;975;4279;1870;3672;3672;3672;7371;1759;3431;3282;3672;3251;1845,pig03,Ko7gAjWQAY3PY5DLi
Poncho,Cub,Male,Jock,Fitness,2-Jan,li'l bear,K.K. Blues,Simple,Simple,Orange,Yellow,blue simple-cloth wall,blue-paint flooring,4030;7521;7521;8298;1227;1783;4048;3683;1277;3438;4338;7521;4015;8298;7518;8298;929;4125;1929,cbr02,2yyqShsyFuek2xsPq
Vladimir,Cub,Male,Cranky,Play,2-Aug,nyet,Agent K.K.,Simple,Cool,Yellow,Colorful,chain-link fence,ramshackle flooring,3943;787;4081;2556;144;2553;146;2553;1802;8417;146,cbr06,Eskwc34f2x6Qx6ZNT
  puddles  ,Frog,Female,Peppy,Fashion,13-Jan,splish,K.K. Disco,Cute,Gorgeous,Green,Pink,blue subway-tile wall,mint dot flooring,937;1852;4129;1853;3962;1852;863;3428;941;1087,flg06,TuEiYBT2nG3qNT2RX
  BUCK  ,Horse,Male,Jock,Fitness,4-Apr,pardner,My Place,Active,Simple,Gray,Brown,pastel dotted wall,green vinyl flooring,3205;3672;1792;4756;85;7134;4125;4762;3252;1870;2736,hrs00,Xi74RYjLgeBB8vopx
  Chester  ,Cub,Male,Lazy,Play,6-Aug,rookie,Imperial K.K.,Simple,Simple,Yellow,Green,bamboo-grove wall,bamboo flooring,5979;3555;10743;710;5978;5977;5977;710;7348;9698,cbr15,46bDn76rBA3hNjFZu
  pierce  ,Eagle,Male,Jock,Fitness,8-Jan,hawkeye,K.K. Gumbo,Elegant,Active,Orange,Yellow,blue camo wall,simple blue flooring,4759;1241;4761;8417;4760;4758;7845;2560;4756;4754;4003,pbr02,aavqm5o5TcTxgrBs6
  Fang  ,Wolf,Male,Cranky,Education,18-Dec,cha-chomp,K.K. Steppe,Simple,Cool,White,Light blue,arched-window wall,brown honeycomb tile,3957;790;2554;3956;3954;3951;1145;742;870;2561,wol06,PFvvq6NGpsRgCwg2z
NAN,Goat,Female,Normal,Nature,24-Aug,kid,K.K. Étude,Simple,Elegant,Orange,Yellow,black botanical-tile wall,white iron-parquet flooring,1875;3681;998;2554;4046;4054;4338;4114;6503;4052;4051,goa01,oGFWxL6p7g9Hq5LWK
  Genji  ,Rabbit,Male,Jock,Fitness,21-Jan,mochi,King K.K.,Elegant,Simple,Green,Purple,gold-screen wall,mossy-garden flooring,3580;7393;6031;716;710;7282;5976;677;7391;725,rbt08,zFPwakzpAr8fmL4FM
deli,Monkey,Male,Lazy,Nature,24-May,monch,K.K. Étude,Gorgeous,Elegant,Purple,Brown,blue simple-cloth wall,simple blue flooring,4125;3584;929;3701;3702;2554;3490;3438;2560;2605;7134;4111;1411;4003;1850;7467,mnk08,zh7aML2hmMKy5bbiR
APPLE,Hamster,Female,Peppy,Play,24-Sep,cheekers,I Love You,Cute,Simple,Colorful,Red,apple wall,simple white flooring,1792;3251;3490;7134;3122;928;2560;1783;7327;4003;2605;4134;3996;2596;9766;3400,ham01,bEHwPJ3GBDZaNE4Bd
Gruff,Goat,Male,Cranky,Music,29-Aug,bleh eh eh,K.K. Rockabilly,Cool,Gorgeous,Purple,Black,rustic-stone wall,gray vinyl flooring,937;791;1045;863;1803;4139;4144;4141,goa04,oTGj76upYyWRcG34C
  Baabara  ,Sheep,Female,Snooty,Fashion,28-Mar,daahling,K.K. Cruisin',Gorgeous,Elegant,Purple,Blue,stormy-night wall,brown iron-parquet flooring,3468;4015;7348;7348;3958;3428;4027;794;3950;1840;3955;3951;10244;4102,shp01,LAWZdKWcejrkbikco
huck,Frog,Male,Smug,Fitness,9-Jul,hopper,To The Edge,Simple,Cool,Green,Yellow,straw wall,dirt flooring,7142;1120;717;7345;7393;4043;4073;3675;10743;4037;2559,flg11,KWx6zRZpPoaQy2PMD
  STELLA  ,Sheep,Female,Normal,Nature,9-Apr,baa-dabing,Only Me,Simple,Simple,Yellow,Beige,rose wall,dark herringbone flooring,3683;2605;3995;1913;4132;4030;2560;3442;8826;3438;3439;3490;1783;7140;3443;4003,shp03,PnrARfxc8picdtvL8
  frita  ,Sheep,Female,Big Sister,Music,16-Jul,oh ewe,K.K. Rockabilly,Active,Cute,Yellow,Red,pink diner wall,yellow floral flooring,791;1802;971;7392;1866;4143;4142;918;4139;954;3416,shp11,79EahCMHHzp3BwH7x
raymond,Cat,Male,Smug,Nature,1-Oct,crisp,K.K. Cruisin',Elegant,Cool,Black,Gray,office wall,monochromatic tile flooring,840;4116;1750;3590;1232;832;3560;839;3784;1744;1750;4101;4099;3783;1870;8464,cat23,2nbzgWsuDBSN2LeEj
Miranda,Duck,Female,Snooty,Fashion,23-Apr,quackulous,K.K. Sonata,Elegant,Gorgeous,Blue,Purple,arched-window wall,brown iron-parquet flooring,1840;3957;3955;2554;987;3958;794;3974;4129;4106,duk12,9AE7bEWmthdc7kZ4m
lobo,Wolf,Male,Cranky,Education,5-Nov,ah-rooooo,K.K. Rock,Cool,Active,Black,Beige,rustic-stone wall,rosewood flooring,793;4037;8417;4041;4044;3064;4036;4043;4119;2770;3943;3992;3967,wol01,9QsHyDimk75LPvBsn
  HOPPER  ,Penguin,Male,Cranky,Music,6-Apr,slushie,Comrade K.K.,Cool,Simple,Yellow,Red,iceberg wall,iceberg flooring,3468;533;533;3500;3398;1111;5337;3697;3500,pgn03,FP3bdBM2RSjWTXYHK
OLAF,Anteater,Male,Smug,Education,19-May,whiffa,K.K. Milonga,Elegant,Gorgeous,Red,Black,black-brick wall,simple red flooring,3957;3951;7190;1840;4030;3950;3954;863;2554,ant09,ar73BhCacgwhTNYnX
  WINNIE  ,Horse,Female,Peppy,Fashion,31-Jan,hay-OK,K.K. Country,Cool,Simple,White,Gray,backyard-fence wall,backyard lawn,1626;1626;5970;4003;3509;1620;1627;3467;1631;1170;1157,hrs05,b4HwfyvThyipScSAv
FRANK,Eagle,Male,Cranky,Education,30-Jul,crushy,K.K. Casbah,Gorgeous,Cool,Brown,Yellow,gray shanty wall,boxing-ring mat,4015;1452;7152;4013;833;3560;1232;787;7800,pbr06,8BgXtjz2mfGBrZwCm
midge,Bird,Female,Normal,Education,12-Mar,tweedledee,K.K. Stroll,Cute,Simple,Pink,Pink,yellow quilt wall,cute white-tile flooring,3995;7134;3999;1757;3996;3624;3997;4001;4000;4003;3998,brd08,WSnecxx3DREYtZ3p3
velma,Goat,Female,Snooty,Education,14-Jan,blih,Mr. K.K.,Elegant,Gorgeous,Light blue,Purple,classic-library wall,light parquet flooring,1875;3681;3955;1058;2772;2554;3958;3951;794;1042,goa06,PkAYXk745ZHBE69a9
  Drago  ,Alligator,Male,Lazy,Nature,12-Feb,burrrn,Imperial K.K.,Elegant,Gorgeous,Orange,Red,imperial wall,imperial tile,3971;6031;6031;7797;7796;8415;8415;3972;794;3970;3972;7021,crd08,qjqzytG4LCEoong4w
Scoot,Duck,Male,Jock,Fitness,13-Jun,zip zoom,My Place,Active,Simple,Beige,Blue,backyard-fence wall,backyard lawn,4113;7142;3468;1631;3348;4042;1234;4102;3960;4003,duk10,wanb7GiQ9fe6puXe8
  KID CAT  ,Cat,Male,Jock,Fitness,1-Aug,psst,Go K.K. Rider,Active,Simple,Red,Red,chain-link fence,sandlot,1452;2556;7845;1567;144;2614;4226;3672;787,cat10,Jd6z54x98v4uJhubB
  Harry  ,Hippo,Male,Cranky,Education,7-Jan,beach bum,K.K. Rally,Cool,Simple,Green,Orange,aqua tile wall,white mosaic-tile flooring,3468;4017;7153;3689;3553;1111,hip08,dtAkeJzvhPfGXH7pk
GONZO,Koala,Male,Cranky,Nature,13-Oct,mate,Surfin' K.K.,Simple,Cool,Black,Green,cabin wall,wooden-knot flooring,4117;4043;5970;3270;3282;704;4041;9314;4036;4338,kal04,SFkpDu8Bxgot4ShcP
rhonda,Rhino,Female,Normal,Music,24-Jan,bigfoot,K.K. Ballad,Elegant,Gorgeous,Purple,Black,purple desert-tile wall,simple purple flooring,3983;4001;3999;1757;3998;3978;5150;3977;4030;4017,rhn01,BjYi6hQsSg6sQcxhm
BETTINA,Mouse,Female,Normal,Education,12-Jun,eekers,Animal City,Simple,Elegant,White,Red,blackboard wall,birch flooring,4138;4138;4109;4026;3561;3445;4135;928;3951;794;998;918;7337;3271;954;920,mus15,r9JpujcMdgTRABad9
Pompom,Duck,Female,Peppy,Music,11-Feb,rah rah,K.K. Soul,Cute,Simple,Pink,Light blue,beaded-curtain wall,green retro flooring,2713;7134;2554;7132;7137;2560;4003;1783;3251;1845;9547;3949,duk05,D4EfZuiFQqxXAaxa5
gaston,Rabbit,Male,Cranky,Education,28-Oct,mon chou,K.K. Song,Simple,Gorgeous,Brown,Orange,ramshackle wall,ramshackle flooring,4008;717;3229;4393;7161;4038;10742;7160;5970;3697;7345,rbt04,5TXosg4PLkG4jZ3AD
willow,Sheep,Female,Snooty,Fashion,26-Nov,bo peep,K.K. Soul,Cute,Gorgeous,White,Pink,arched-window wall,arabesque flooring,3449;1127;915;3974;3957;4129;1058;3442;3443;1449;3951;742;10244;6078,shp07,HT58xc2w7ootdCRWb
  Marshal  ,Squirrel,Male,Smug,Music,29-Sep,sulky,K.K. Bossa,Elegant,Cool,Light blue,Blue,blue delicate-blooms wall,modern wood flooring,2554;1081;3681;9766;1161;3615;1845;8394;3271;3560;915;7337;4338;920;954;8297;1866;3194;918,squ17,ZZJJbE5zFrcDXfLEF
BUBBLES,Hippo,Female,Peppy,Fashion,18-Sep,hipster,K.K. Stroll,Active,Cute,Purple,Pink,perforated-board wall,pine-board flooring,7535;4226;3946;3960;4003;7529;7535;2012;2010;1744;3992;7264;955,hip02,K4k5ieRWQieA6Fqm8
Diana,Deer,Female,Snooty,Education,4-Jan,no doy,Farewell,Elegant,Gorgeous,Purple,Pink,white botanical-tile wall,stone tile,3468;4054;1840;4017;3983;4051;3340;7236;742;4046;10244,der08,QGyW9QJjjxo3jta6j
  Iggly  ,Penguin,Male,Jock,Fitness,2-Nov,waddler,I Love You,Active,Simple,Red,Blue,ice wall,ice flooring,1866;3416;4066;4066;3505;3497;4279;4279;4279;3497;4279;4279;4279;4003;667,pgn11,qZtYZEyzeZv2qhoJD
  HANS  ,Gorilla,Male,Smug,Fitness,5-Dec,groovy,K.K. Sonata,Elegant,Gorgeous,Gray,Blue,ski-slope wall,ski-slope flooring,1429;5970;7281;533;533;5972;533;1434;1430;4042;530;530;889;3697,gor10,rAgKSRJPoazkBPS5d
  Alli  ,Alligator,Female,Snooty,Fashion,8-Nov,graaagh,K.K. Soul,Gorgeous,Elegant,Yellow,Brown,woodland wall,rosewood flooring,4051;4054;790;4046;4049;4053;1836;4052;4014;3775,crd01,dcB3BpFLtcXHAbt5i
Piper,Bird,Female,Peppy,Play,18-Apr,chickadee,K.K. Synth,Elegant,Gorgeous,Black,White,cityscape wall,monochromatic tile flooring,4015;4053;3957;4046;3955;3428;3467;3951;8418;4338,brd05,B9nGDw29C3MeZeiob
PEACHES,Horse,Female,Normal,Education,28-Nov,neighbor,Forest Life,Cute,Simple,Colorful,Light blue,cabin wall,dirt flooring,3675;5970;7142;4117;3251;4036;5973;4038;928;4003;4040;3818,hrs08,SRuoS7z66df8wdynd
  Angus  ,Bull,Male,Cranky,Fitness,30-Apr,macmoo,K.K. Calypso,Cool,Cool,Red,Black,wild-wood wall,red-and-black vinyl flooring,937;3957;4132;3956;863;3194;3818;793;2554;3958;864,bul00,jHQfWetzGf6Zhgt4u
  tabby  ,Cat,Female,Peppy,Music,13-Aug,me-WOW,DJ K.K.,Active,Cool,Black,Gray,manga-library wall,tiger-print flooring,3230;1759;4125;2713;1792;3252;3672;4003;1929;3672;3194;1032;3251;870;1850;1845,cat12,P3ouRnR3NRSch3LaC
  cyd  ,Elephant,Male,Cranky,Music,9-Jun,rockin',K.K. Metal,Cool,Active,Black,Yellow,skull wall,skull-print flooring,3943;3200;3195;1803;3270;9642;3193;3196;3559;132;4757,elp12,edCh8EDStBMbyskYa
  chief  ,Wolf,Male,Cranky,Music,19-Dec,harrumph,Rockin' K.K.,Cool,Simple,White,Gray,street-art wall,paintball flooring,7161;3948;1759;2556;1823;3193;787;2020;1889;3672;3965;1899;2432;8096;7404;870,wol00,d3STnZCPAxLzrEzMd
Kiki,Cat,Female,Normal,Education,8-Oct,kitty cat,Only Me,Simple,Simple,Brown,Beige,mod wall,simple white flooring,3950;1081;3952;8465;3271;4003;915;3270;3943,cat04,QTwru2TFs99vCznLg
MERRY,Cat,Female,Peppy,Fashion,29-Jun,mweee,Neapolitan,Cute,Cute,Pink,Light blue,beaded-curtain wall,orange retro flooring,4132;1227;2554;2713;790;3616;3439;1913;4130,cat16,uhd4aEuBudwu9pM6E
portia,Dog,Female,Snooty,Fashion,25-Oct,ruffian,K.K. Disco,Elegant,Gorgeous,Purple,Black,blue desert-tile wall,rosewood flooring,1227;7235;4109;3955;4027;4030;3271;4019;3993;998;1050;928;3560;954;4338,dog05,XAP6AcqdXDufCkTAd
Snake,Rabbit,Male,Jock,Fitness,3-Nov,bunyip,King K.K.,Active,Simple,Black,Blue,mortar wall,dirt flooring,3580;3553;3553;343;343;7393;710;2559,rbt03,LZcGjneEs8xmxNE3q
  SAMSON  ,Mouse,Male,Jock,Fitness,5-Jul,pipsqueak,Rockin' K.K.,Simple,Active,Red,Yellow,blue subway-tile wall,cool-paint flooring,4546;1263;1177;4756;2596;3975;85;4753;4762;3822,mus04,XFzdPqYwq4n98EpuF
  TUCKER  ,Elephant,Male,Lazy,Nature,7-Sep,fuzzers,K.K. Safari,Active,Simple,Yellow,Orange,jungle wall,swamp flooring,343;343;10743;7043;3398;3398;7345;4093;3398;4073,elp09,96HCsK6H2c7J2ARMa
  clyde  ,Horse,Male,Lazy,Play,1-May,clip clawp,Neapolitan,Simple,Cute,Green,White,orange wall,birch flooring,1792;7392;4546;1263;1241;3616;2713;7134;3975;4011;3976,hrs10,2iBqzRfTRaddw2EXi
  keaton  ,Eagle,Male,Smug,Music,1-Jun,wingo,Drivin',Gorgeous,Cool,Blue,White,tree-lined wall,parking flooring,4759;4759;1881;146;146;7262;4759;4140;144;3556;3672;1708,pbr08,WRueK9fukhKgMrWZa
fuchsia,Deer,Female,Big Sister,Music,19-Sep,precious,K.K. Rock,Cool,Cool,Pink,Pink,pink shanty wall,brown floral flooring,2554;4129;3997;3195;3995;3621;4003;849;4002;3428;3996;1644,der06,Z98WrodjQxXZAACLA
  Maelle  ,Duck,Female,Snooty,Fashion,8-Apr,duckling,Café K.K.,Cool,Simple,Pink,White,tree-lined wall,sidewalk flooring,1626;1626;7236;1185;4412;1866;1627;3270;918;954;2014;8297;1092,duk03,bHTDLovALeQz9PK4z
  Coco  ,Rabbit,Female,Normal,Education,1-Mar,doyoing,K.K. Jongara,Simple,Cute,Beige,Green,rammed-earth wall,floral rush-mat flooring,4393;4073;343;343;3398;3398;3675;3229;3397;4073;4025;2559,rbt02,2g7sGcTtHcJeWtwNM
CARMEN,Rabbit,Female,Peppy,Fashion,6-Jan,nougat,K.K. Stroll,Elegant,Cute,Green,Beige,cute white wall,mint dot flooring,4053;1557;3995;4129;4045;7531;908;4027;3445;5543;1227;5543;4054;4338;4048;4030;4069;3252,rbt16,pAFu4JyZ333Ysoezk
  egbert  ,Chicken,Male,Lazy,Play,14-Oct,doodle-duh,Lucky K.K.,Simple,Simple,Beige,Brown,cabin wall,wooden-knot flooring,3468;3468;1232;4015;3689;3689;4044;4044;4037;7333;7333;4042;7333;1892;4048,chn02,jRwtNxCCWuznSMCZy
  cousteau  ,Frog,Male,Jock,Fitness,17-Dec,oui oui,Imperial K.K.,Elegant,Gorgeous,Green,Red,exquisite wall,imperial tile,10742;10742;7796;8415;3971;7797;3974;3970;329;7797;3972;794;7282,flg10,XPhZym7Wxu926eLD8
FREYA,Wolf,Female,Snooty,Fashion,14-Dec,uff da,Lucky K.K.,Elegant,Cool,Green,Blue,heavy-curtain wall,rose flooring,3957;3955;3950;3950;1058;4028;3958;2772;3952;742;794;4230;1652,wol05,qyoMuqvPA4Wqp3Ybn
  Raddle  ,Frog,Male,Lazy,Nature,6-Jun,aaach—,Mr. K.K.,Elegant,Simple,White,Gray,white simple-cloth wall,green rubber flooring,1326;4026;4030;7529;7528;787;7529;833;1317;2014;3968;2014;4016;3428;2012,flg15,Xi6NDcp6NptRB9WDz
cranston,Ostrich,Male,Lazy,Nature,23-Sep,sweatband,K.K. Faire,Simple,Cool,Beige,Brown,white subway-tile wall,stone tile,3971;3973;3974;3949;725;7348;7348;3972;3428;4338;997;7282;3970;8415,ost06,Wbivs7b7D3NZ7q9y9
mallary,Duck,Female,Snooty,Fashion,17-Nov,quackpth,K.K. Bossa,Cool,Gorgeous,Blue,White,mossy-garden wall,backyard lawn,1631;4113;4003;4100;3775;3509;1829;1628;1624;8419,duk06,jhXJGTWpk3ycr6kZC
  candi  ,Mouse,Female,Peppy,Play,13-Apr,sweetie,Neapolitan,Simple,Cute,Light blue,Yellow,white painted-wood wall,mint dot flooring,2560;3438;7132;3998;3995;7137;7232;4003;4027;3490;7134,mus08,4CimNs6T9nDNQuiYH
axel,Elephant,Male,Jock,Fitness,23-Mar,WHONK,K.K. Dixie,Active,Simple,Green,White,blue playroom wall,blue rubber flooring,3205;1181;4756;4759;7392;1558;5543;4761;2731;1559;4762;3623,elp06,K3aj3w7fLcMETyuzf
  BIANCA  ,Tiger,Female,Peppy,Play,13-Dec,glimmer,K.K. House,Cute,Cute,Pink,Orange,white-brick wall,leopard-print flooring,2713;4052;7134;3436;7137;4141;4046;4000;3270;1836;1050;3618;3562,tig06,KGECko2WSNbQp4oRY
  FRIGA  ,Penguin,Female,Snooty,Fashion,16-Oct,brrrmph,Farewell,Elegant,Gorgeous,Pink,Black,white subway-tile wall,stone tile,4052;4049;4047;4053;4048;2776;4051;3683;3498;1757;4045;4046;4054;4050;929;4030;4017;4003,pgn04,uk9DGWqzxRT4TEJbm
ED,Horse,Male,Smug,Nature,16-Sep,greenhorn,K.K. Ballad,Gorgeous,Elegant,Black,Gray,blue delicate-blooms wall,rosewood flooring,2554;4015;3957;4106;3951;3949;4028;742;6545;796,hrs06,JmHu7aFcqj9hxKupZ
  canberra  ,Koala,Female,Big Sister,Play,14-May,nuh uh,K.K. Island,Active,Cool,Green,Light blue,tropical vista,starry-sands flooring,3684;5150;3345;665;7148;1117;664;3468;7259;7259,kal08,ugiHobiK9QnmA22ym
Poppy,Squirrel,Female,Normal,Education,5-Aug,nutty,Forest Life,Cute,Elegant,Green,Yellow,autumn wall,colored-leaves flooring,7142;4035;6081;880;4043;4042;5635;5975;1082;4038;4338;7788,squ15,NaP65qNMvxYTzTXrs
  lionel  ,Lion,Male,Smug,Music,29-Jul,precisely,K.K. Moody,Gorgeous,Active,Green,Gray,cityscape wall,simple blue flooring,1840;3957;2554;3958;3951;794;3784;9766;2731;3783,lon08,EQYQEL4crTYEN9yJs
  Lolly  ,Cat,Female,Normal,Music,27-Mar,bonbon,Forest Life,Simple,Simple,Gray,Pink,modern wood wall,green vinyl flooring,2554;1557;4109;3449;1561;4338;1558;998;3122;4111;3208;3785;3785,cat18,ucvTsRXewrZsFj64Y
  ROD  ,Mouse,Male,Jock,Fitness,14-Aug,ace,K.K. March,Active,Cool,Blue,Light blue,sea view,ship deck,791;3468;863;3596;4102;7259,mus05,ezLuGMubv35hSamPr
ZELL,Deer,Male,Smug,Music,7-Jun,pronk,K.K. Swing,Cool,Gorgeous,Purple,Gray,cityscape wall,monochromatic tile flooring,1875;863;4129;4053;4053;3951;794;3775;4046;4230;3681,der02,LodBWtdMRZbjFNga9
  ELLIE  ,Elephant,Female,Normal,Nature,12-May,li'l one,K.K. Ballad,Simple,Cute,Gray,Pink,beige art-deco wall,rose flooring,4132;1081;3681;3957;3951;3959;794;1042;7368;4027;3958;4069;7137,elp07,odt2kdswLHE2YMkQd
frobert,Frog,Male,Jock,Fitness,8-Feb,fribbit,K.K. Ragtime,Active,Simple,Blue,Colorful,green playroom wall,green vinyl flooring,3122;3438;2731;7524;4759;2560;4132;7528;3439;4756;7338;4757;4753;7454,flg02,YXidGR87Fi7mov7Po
  marina  ,Octopus,Female,Normal,Music,26-Jun,blurp,Soulful K.K.,Cute,Cute,Pink,Red,strawberry-chocolate wall,berry-chocolates flooring,1757;3624;4002;3998;2776;3995;4001;4000;4003,ocp01,BQCu2GxBFFTuigDAY
  CLAUDIA  ,Tiger,Female,Snooty,Music,22-Nov,ooh la la,K.K. Synth,Gorgeous,Elegant,Purple,White,cityscape wall,simple red flooring,3957;2554;790;3615;3971;1840;3971;4030;3951;4107;975;4017,tig05,xCyuFvwryTntgPgvW
SHERB,Goat,Male,Lazy,Nature,18-Jan,bawwww,Hypno K.K.,Simple,Cute,Gray,Blue,purple desert-tile wall,simple purple flooring,3995;4002;7133;3998;3624;3997;4000;4003;4111,goa09,XaaDkAfHynrEY2YS4
MAC,Dog,Male,Jock,Fitness,11-Nov,woo woof,My Place,Active,Cool,Red,Black,ivy wall,sandlot,1631;7142;1799;3348;7802;3229;1620;4113;4393;4042;1432;3697,dog14,bLyixhvrCHgBYzvoX
  WALT  ,Kangaroo,Male,Cranky,Fitness,24-Apr,pockets,K.K. Lament,Cool,Cool,Black,Gray,bamboo-grove wall,mossy-garden flooring,7452;3580;7393;4269;10743;677;710;2754,kgr08,wN36ADi7MxiLNJ3Eu
KEN,Chicken,Male,Smug,Education,23-Dec,no doubt,K.K. Rally,Cool,Simple,Purple,Blue,standard tearoom wall,tatami,3622;722;7391;725;10743;10742;3802;3407;5636;7282,chn13,gQZ4xwZeRvqmswoGY
  Robin  ,Bird,Female,Snooty,Fashion,4-Dec,la-di-da,K.K. Cruisin',Elegant,Cool,Light blue,Purple,brown botanical-tile wall,brown argyle-tile flooring,4080;4051;4046;4054;3971;4035;4048;4338;3948;1829;1829;331,brd01,xK49Rcb2Lnm5P4aLM
Rooney,Kangaroo,Male,Cranky,Fitness,1-Dec,punches,K.K. Adventure,Active,Active,Gray,Black,gray shanty wall,steel flooring,1452;290;7152;4013;7653;3560;3960;3431;3560;1456;4003;7800,kgr09,9wnSweJyqfd4izW4M
  JEREMIAH  ,Frog,Male,Lazy,Play,8-Jul,nee-deep,Hypno K.K.,Simple,Simple,Orange,Yellow,blue playroom wall,blue dot flooring,1792;5543;3623;86;2560;4003;3995;2605;3208;3438;7134;4111;4308,flg07,Z9mmrgQ578rPeLdjp
  KEVIN  ,Pig,Male,Jock,Play,26-Apr,weeweewee,K.K. Rockabilly,Active,Simple,Black,Red,gray shanty wall,concrete flooring,1452;4026;4013;7845;9766;7800;7339;7529;7152;3672;7151;787;3431,pig15,fGznAwhaxGN66K38Q
Tutu,Bear,Female,Peppy,Fashion,15-Sep,twinkles,Bubblegum K.K.,Cute,Simple,Pink,Red,pink-striped wall,red dot flooring,3995;3998;3999;3624;929;3996;3997;4002;4000;1227;4003,bea07,HqboYio5a8bRbKtcL
kody,Cub,Male,Jock,Fitness,28-Sep,grah grah,My Place,Active,Simple,Colorful,White,blue playroom wall,blue dot flooring,4759;4761;3439;5543;3122;4762;3438;3449;4111;2560;4756;4753;4003,cbr04,j9pPANZ9zsm6Mobh2
  penelope  ,Mouse,Female,Peppy,Fashion,5-Feb,oh bow,Bubblegum K.K.,Cute,Gorgeous,Pink,Red,cute red wall,red dot flooring,3995;3998;7134;3997;3996;4017;1757;4002;4001;3624;4000;4003,mus17,L9mYm8tvKg32G85cv
Erik,Deer,Male,Lazy,Nature,27-Jul,chow down,Drivin',Simple,Simple,Beige,Red,ski-slope wall,ski-slope flooring,7281;3497;4003;3502;3505;3498;3503,der09,BJcXu5LtRBo8DdZ2v
Biff,Hippo,Male,Jock,Fitness,29-Mar,squirt,The K. Funk,Gorgeous,Active,Black,Blue,street-art wall,paintball flooring,4226;2010;9619;7654;3965;1185;2614;787,hip04,sT2KXbN2N3dqB6aaN
ANICOTTI,Mouse,Female,Peppy,Fashion,24-Feb,cannoli,Neapolitan,Simple,Elegant,Red,Pink,beaded-curtain wall,kitschy tile,4132;2560;2605;9766;928;3400;3251;3438;3439;7137;7236;1913;1845;1836;7335,mus10,oGr6N9vC3TD9raXbf
SOLEIL,Hamster,Female,Snooty,Education,9-Aug,tarnation,K.K. Oasis,Cool,Gorgeous,Red,Yellow,imperial wall,imperial tile,5956;3971;6031;1840;3972;794;3973;3970;3974;4017;997;7282,ham04,EzZzup4KP8t2FvL8f
  Joey  ,Duck,Male,Lazy,Play,3-Jan,bleeeeeck,Marine Song 2001,Simple,Simple,Green,Blue,tropical vista,sandy-beach flooring,7148;4048;3348;9584;664;1117;1708;3684;7358;3345,duk01,EkpmSi299YR9BP96Y
Rosie,Cat,Female,Peppy,Music,27-Feb,silly,Bubblegum K.K.,Cute,Cute,Pink,Red,purple dotted wall,blue-paint flooring,4002;1757;4000;3998;3995;4001;3997;3999;2605;3996;7137;3428;4003,cat02,NTwyXi4RAX4EKTcW6
DIVA,Frog,Female,Big Sister,Fitness,2-Oct,ya know,K.K. Oasis,Gorgeous,Elegant,Purple,Light blue,ancient wall,rocky-mountain flooring,5959;5959;8702;8702;8825;3473;3772;5165;5165;5165,flg18,FmQ9x68HncTm8vdsG
  JACOB  ,Bird,Male,Lazy,Nature,24-Aug,ya feel,K.K. Song,Simple,Simple,Green,Red,garbage-heap wall,garbage-heap flooring,7142;5972;3675;4038;3697;3229;5973;3672;1823,brd11,HBYP4stJTe3eGEepn
PAOLO,Elephant,Male,Lazy,Nature,5-May,pal,To The Edge,Simple,Elegant,Gray,Light blue,blue desert-tile wall,blue mosaic-tile flooring,3468;1840;4130;4017;4017;4030;7153;3683;4072;2776;7333;4046;4048,elp05,jH9AH2BeLRwtsFwHQ
  O'Hare  ,Rabbit,Male,Smug,Nature,24-Jul,amigo,K.K. Island,Active,Cool,Blue,Light blue,ocean-horizon wall,water flooring,7148;665;7259;3468;9584;3684;1708;8473;7358;7013;3064;7358,rbt15,WDB4w6DdNpdhCvEuj
  dora  ,Mouse,Female,Normal,Education,18-Feb,squeaky,K.K. Faire,Simple,Elegant,Blue,Light blue,dojo wall,floral rush-mat flooring,717;10743;739;3230;3557;7047;10742;3554;7048;7282,mus00,9Qpj5fqp4E8PvGGFw
vivian,Wolf,Female,Snooty,Education,26-Jan,piffle,K.K. Cruisin',Gorgeous,Elegant,Gray,Purple,white-brick wall,dark wood-pattern flooring,4015;3270;3971;4052;4053;3986;4118;4046;4338;4054;928;4076;3951;3948;1868;4027,wol08,tWyG3bE5fwvNNGpWM
ROWAN,Tiger,Male,Jock,Fitness,26-Aug,mango,Surfin' K.K.,Active,Simple,Light blue,Gray,bamboo wall,tiger-print flooring,710;3974;716;3973;3558;3972;4338;689;3970,tig01,WqtXZv8CLheckbHoF
  Violet  ,Gorilla,Female,Snooty,Fitness,1-Sep,sweetie,K.K. Bazaar,Gorgeous,Cool,Purple,Pink,black botanical-tile wall,lobby flooring,7235;1840;6031;2554;4054;10244;4017;4030;3951;4338;4027,gor07,z7N6aubfytXa7Z4Me
  PINKY  ,Bear,Female,Peppy,Fashion,9-Sep,wah,Imperial K.K.,Cute,Simple,Red,Pink,bamboo wall,floral rush-mat flooring,3973;3971;3658;329;3972;3974;1708;4033;3449;4094,bea01,CLQDMiLJYw9de8t7c
Tammi,Monkey,Female,Peppy,Fashion,2-Apr,chimpy,Imperial K.K.,Cute,Active,Purple,Green,bamboo wall,bamboo flooring,6031;7796;7797;10743;7282;3971;3974;717;3344;3344;1606;3970;4033,mnk03,vYWvCyge46SGeHfHH
gwen,Penguin,Female,Snooty,Fashion,23-Jan,h-h-h-hon,Drivin',Gorgeous,Elegant,Green,White,ice wall,ice flooring,3468;1840;5165;3498;3498;4017;3505;4338;3502;9766;4279;4030,pgn05,jFBkwJJrXK4mJ2giR
MOTT,Lion,Male,Jock,Fitness,10-Jul,cagey,K.K. Fusion,Active,Elegant,Blue,Green,green molded-panel wall,pine-board flooring,4125;2560;4003;3584;7132;3701;3490;1241;3702;3438;4111,lon06,upZ67GQyTzKPGCLm8
  Flip  ,Monkey,Male,Jock,Music,21-Nov,rerack,K.K. Rally,Active,Simple,Blue,Yellow,cherry-blossom-trees wall,gravel flooring,10743;1185;1802;1234;6831;6831;710;2014;954;3400;4026;10742;3617;667,mnk06,ADkNZkrRxdSrfGFH8
  gladys  ,Ostrich,Female,Normal,Education,15-Jan,stretch,K.K. Folk,Elegant,Cute,Green,Pink,shoji screen,tatami,4033;7047;7865;7682;1029;725;3230;7048;7681,ost01,ZSLn6jgRc5W4oZA4f
kitt,Kangaroo,Female,Normal,Education,11-Oct,child,Stale Cupcakes,Elegant,Simple,Purple,Red,arched-window wall,simple white flooring,4041;1081;3681;3270;4043;4027;3282;6818;5543;742;8395;9547;88;794;1495,kgr00,jjReK7y42rnNZmQe6
  Kidd  ,Goat,Male,Smug,Education,28-Jun,wut,K.K. Tango,Elegant,Cool,Gray,White,gray molded-panel wall,purple desert-tile flooring,2554;4052;4080;4129;2776;1851;742;794;4046;4030;4114;4017,goa07,Pv4qNLnQ4NquvddfQ
  Wendy  ,Sheep,Female,Peppy,Fashion,15-Aug,lambkins,Space K.K.,Cool,Gorgeous,Red,Green,snowflake wall,simple white flooring,2713;1792;3586;2771;3438;7346;4028;4111;3251;7137;7132;1845;2560;1145;4003;7134;3467,shp09,YyW9WdsWe6EgMF4Mq
  agnes  ,Pig,Female,Big Sister,Play,21-Apr,snuffle,K.K. House,Simple,Elegant,Pink,White,gray molded-panel wall,arabesque flooring,4129;7236;7235;7802;896;3428;4027;7325;3958;7136;3951;3773;7801,pig17,jzWCiDPm9MqtCfecP
  Kyle  ,Wolf,Male,Smug,Music,6-Dec,alpha,K.K. Metal,Gorgeous,Cool,Black,White,gray shanty wall,steel flooring,1875;3681;1803;950;4338;9503;1645;1412;849;7161,wol10,Q68JosFG2FvzG7QC3
  DOC  ,Rabbit,Male,Lazy,Education,16-Mar,old bunny,Pondering,Simple,Elegant,Gray,Beige,classic-library wall,dark-block flooring,1326;3784;4125;4125;2012;3951;4106;794;3584;4030;4072;3683;3783;7348;7333;4016;1929,rbt10,iasth9JRLdRvLzuQ7
Phoebe,Ostrich,Female,Big Sister,Fitness,22-Apr,sparky,K.K. Flamenco,Gorgeous,Cool,Black,Red,magma-cavern wall,lava flooring,1430;7142;343;4081;4038;4003;4042;1870,ost10,HYJxoDdCoLS7uPdz9
mathilda,Kangaroo,Female,Snooty,Fitness,12-Nov,wee baby,K.K. Chorale,Cool,Gorgeous,White,Red,blue delicate-blooms wall,arabesque flooring,3615;3957;83;5543;3623;3952;915;3206;3958;3951;4069;794;7284,kgr01,GSsfXWFSF3FEdbcjA
  Bangle  ,Tiger,Female,Peppy,Fashion,27-Aug,growf,K.K. Soul,Gorgeous,Cute,Yellow,Green,yellow intricate wall,blue floral flooring,7137;7134;4003;4109;929;2554;7132;3438;4118;2560;1753;3270;3400;1501,tig03,DvL5iP2kNCNfwc6Mv
  drake  ,Duck,Male,Lazy,Play,25-Jun,quacko,K.K. Blues,Cool,Simple,Brown,Red,cabin wall,common flooring,85;2605;3122;4572;4044;2560;4338;4119;8035;3438;742;2731,duk09,CKAsCWnKjfQYG8R7v
  RENÉE  ,Rhino,Female,Big Sister,Music,28-May,yo yo yo,Surfin' K.K.,Cool,Active,Purple,Yellow,skull wall,tiger-print flooring,4141;941;4143;4142;3621;4144;1241,rhn08,ZyeqzXyxABEFXsS5c
  marcel  ,Dog,Male,Lazy,Play,31-Dec,non,Comrade K.K.,Simple,Cool,Green,Blue,modern shoji-screen wall,rush tatami,4393;3622;1849;3230;7047;10743;725;7323;7048;7323;717;10742;329,dog15,63FsmgrS7QPpFvL3N
Timbra,Sheep,Female,Snooty,Education,21-Oct,pine nut,K.K. Love Song,Elegant,Gorgeous,Green,Brown,beige art-deco wall,dark parquet flooring,1103;4041;4039;7134;4037;918;3959;4036;742;6078;6079;5975;6075;8036,shp10,yafB94xabfKKPPNSp
Punchy,Cat,Male,Lazy,Play,11-Apr,mrmpht,Forest Life,Simple,Simple,Blue,Light blue,blue simple-cloth wall,jointed-mat flooring,7134;2605;3995;7133;3251;4003;2713;2560;957;7136,cat06,Q8Qds8CMWMnXTGbqf
  WADE  ,Penguin,Male,Lazy,Nature,30-Oct,so it goes,Stale Cupcakes,Simple,Gorgeous,Light blue,Blue,ice wall,ice flooring,3503;3984;3497;3982;3978;2255;5150;2269;2266;2274;2268;2270;2264;2267,pgn09,cy2hRtipGaiHEBPd8
Sparro,Bird,Male,Jock,Play,20-Nov,like whoa,I Love You,Active,Simple,Green,Gray,backyard-fence wall,sandlot,2556;1199;2329;1116;86;333;1631;2329,brd18,kyF7bCcryEzaErcTJ
Eloise,Elephant,Female,Snooty,Fashion,8-Dec,tooooot,K.K. Soul,Elegant,Simple,Green,Orange,yellow intricate wall,brown floral flooring,929;4052;4049;4053;4109;3275;4054;4076;3775;998;1050;3975;796,elp03,6QughAEZFkYZ5vKpw
  cesar  ,Gorilla,Male,Cranky,Fitness,6-Sep,highness,K.K. Cruisin',Cool,Elegant,Blue,Light blue,cityscape wall,simple blue flooring,4129;3681;4138;4046;4138;794;4138;1081;4138;4109;4109;3615;1845;9766;1798;4139;10244;4139;1870;4118;928,gor00,pDKMq8PfxWLXWrsvT
  static  ,Squirrel,Male,Cranky,Music,9-Jul,krzzt,Surfin' K.K.,Cool,Active,Black,Yellow,concrete wall,skull-print flooring,1241;793;4046;1645;4053;4052;7654;1644;8417;3275;3559;7528;4071,squ08,vqPjvoChWTNpj2t6E
  Beardo  ,Bear,Male,Smug,Education,27-Sep,whiskers,K.K. Milonga,Elegant,Elegant,Brown,Blue,blue-crown wall,simple purple flooring,3954;3561;2554;3784;3958;3951;3783;794;4009;1750,bea13,3XoqTm3LW4C4BvLBt
  Chow  ,Bear,Male,Cranky,Fitness,22-Jul,aiya,Imperial K.K.,Cool,Gorgeous,Black,White,bamboo-grove wall,bamboo flooring,3553;3553;3553;3557;3557;3658;5979;3555;3555;710;794,bea03,M3LhuYKZCmR5K9ckA
Sandy,Ostrich,Female,Normal,Nature,21-Oct,speedy,K.K. Soul,Simple,Cool,Light blue,White,blackboard wall,rosewood flooring,2554;3775;3775;1277;7348;3615;1845;3194;1032;3681;1866;3271;1875;3586;1161;4338;1606;3467,ost02,6t3MfdfbyRKwjgNPd
Deirdre,Deer,Female,Big Sister,Play,4-May,whatevs,K.K. Bossa,Simple,Simple,Orange,Orange,autumn wall,colored-leaves flooring,7142;4038;808;4003;6081;4708;805;1620;3808;6075;6078,der04,ibnMhhdYMGHYr9RAZ
Sprinkle,Penguin,Female,Peppy,Play,20-Feb,frappe,K.K. Marathon,Cute,Elegant,Light blue,White,ice wall,ice flooring,3500;3500;3499;3983;4376;3978;3978;5150;3982;3984,pgn14,5ffTHHjgjsXGAcsb3
  nana  ,Monkey,Female,Normal,Education,23-Aug,po po,K.K. Ballad,Cute,Cute,Pink,White,pastel dotted wall,cork flooring,2605;3616;3949;3439;2560;7465;4003;7133;1836;1913;929,mnk01,z95tvdzwWsxjXbpqP
fauna,Deer,Female,Normal,Nature,26-Mar,dearie,K.K. Stroll,Simple,Cute,Beige,White,red-brick wall,mint dot flooring,1557;1558;928;3251;2558;1561;4338;1565;9766;3618;915;4445;6078;5543;870,der00,kB5jGQAqkLnh8LxWy
Jitters,Bird,Male,Jock,Fitness,2-Feb,bzzert,K.K. Adventure,Active,Active,Yellow,Orange,stadium wall,backyard lawn,2010;2010;7264;2020;1149,brd04,TksYZm8hEYAeDWD2X
plucky,Chicken,Female,Big Sister,Play,12-Oct,chicky-poo,K.K. Island,Cool,Simple,Light blue,Yellow,tropical vista,starry-sands flooring,1708;7868;7868;7868;7868;7868;4046;4279;7868;1621;1866;3617;7345;667;4279,chn10,8v54MppXDZwDS2viK
  blaire  ,Squirrel,Female,Snooty,Fashion,3-Jul,nutlet,K.K. Bossa,Gorgeous,Elegant,Orange,Brown,arched-window wall,gold iron-parquet flooring,3943;3971;4027;7235;7538;7236;7232;4027;4027;7337;4054;3949;10244;4046;7234;7527,squ01,SjArzqyvbHAbgRz8D
Teddy,Bear,Male,Jock,Fitness,26-Sep,grooof,Mr. K.K.,Simple,Simple,Yellow,Orange,cabin wall,cork flooring,4044;1241;4041;4040;1288;4037;4119;4036;4338,bea00,JhB2GSBmZCpaqRGDv
  Cally  ,Squirrel,Female,Normal,Nature,4-Sep,WHEE,K.K. Stroll,Cute,Elegant,Red,Green,backyard-fence wall,daisy meadow,7236;1628;2319;1170;1620;6080;1624;333;3396;1082,squ11,DvkaYEh9vM2SXJLCc
Puck,Penguin,Male,Lazy,Fitness,21-Feb,brrrrrrrrr,K.K. March,Active,Simple,Blue,Red,ice wall,ice flooring,1452;3498;7281;4078;4013;7653;787;4015;290;287;3505;7800,pgn06,qnejmf3Q7jvCoBvw7
  CLAUDE  ,Rabbit,Male,Lazy,Nature,3-Dec,hopalong,Pondering,Simple,Simple,Black,Colorful,manga-library wall,simple white flooring,1241;3672;1759;2605;2560;4003;2554;3439;3438;7466;7599;2731,rbt11,PPFtt3uWkRQNMg2tZ
  Monty  ,Monkey,Male,Cranky,Education,7-Dec,g'tang,To The Edge,Cool,Cool,Yellow,Gray,autumn wall,forest flooring,10743;7142;3808;3805;808;4708;805;3806,mnk04,AB2WWajw4nPsxsQ5h
  Judy  ,Cub,Female,Snooty,Music,10-Mar,myohmy,K.K. Lullaby,Cute,Elegant,Pink,White,starry wall,blue dot flooring,6827;6827;6827;6827;1557;6827;6827;1565;6827;3208;1559;5543;6827;6827;6827;6827;6827;1836;2558;1558;4111;1561;3205,cbr19,nEbMBNS4EztR8Ysxv
Caroline,Squirrel,Female,Normal,Music,15-Jul,hulaaaa,Pondering,Cute,Gorgeous,Colorful,White,manga-library wall,wooden-knot flooring,3683;1598;9766;3697;3784;832;3195;4101;840;840;840;4122;4122;4122;7527;1899,squ06,Th3uHvMcYaf9eT2Df
graham,Hamster,Male,Smug,Education,20-Jun,indeed,Bubblegum K.K.,Simple,Cool,Green,Orange,server-room wall,monochromatic tile flooring,793;875;1126;929;1126;4125;1759;7159;7161;7528;10515;7160;2492;10514;1850;3590,ham02,D86CPtiT7ssiFexPE
  ANKHA  ,Cat,Female,Snooty,Nature,22-Sep,me meow,K.K. Bazaar,Gorgeous,Simple,Colorful,Brown,ancient wall,pyramid tile,3472;8608;5165;8825;3774;8825;8825;3065;3810,cat19,AWdRRws22EGTxC7vc
  BERTHA  ,Hippo,Female,Normal,Education,25-Apr,bloop,Two Days Ago,Cute,Elegant,Pink,White,white-rose wall,rose flooring,2554;3943;2605;2713;3270;3275;3193;3775;929;1783;4111;1227;4048;3194;4308,hip03,oMQnY9fuzdtPweuLi
Bea,Dog,Female,Normal,Nature,15-Oct,bingo,Drivin',Simple,Cool,Light blue,Green,blackboard wall,cork flooring,4053;2014;4129;1866;928;2014;1850;4003;4139;3619;3619;4139;3619;3619;3615;7337;4139;954;4107;1845,dog10,DkqHjENW8fRBE9uxG
  Henry  ,Frog,Male,Smug,Music,21-Sep,snoozit,K.K. Soul,Cool,Simple,Light blue,Blue,rustic-stone wall,modern wood flooring,4109;4129;3943;4118;7334;3193;4338;3191;918;920;3251;3271;3200;3270;928;1845;3562;1043;954;3282,flg19,RNats2ap2rGvbdcKn
  FRECKLES  ,Duck,Female,Peppy,Fashion,19-Feb,ducky,Marine Song 2001,Simple,Cute,Green,Colorful,lattice wall,bamboo flooring,4026;3943;7047;3672;3064;2274;3587;739;3583;3697;7369;3583;3615;724;7369;3699;3583;3583;4118,duk07,AcYKxih6FpRRyZDs4
rodeo,Bull,Male,Lazy,Fitness,29-Oct,chaps,K.K. Technopop,Simple,Cool,Black,Red,concrete wall,monochromatic tile flooring,793;3957;3784;1186;3783;3590;3490;2560;4125;4105,bul01,QNT5F2pjZixKpiD4D
  Henry  ,Frog,Male,Smug,Music,21-Sep,snoozit,K.K. Soul,Cool,Simple,Light blue,Blue,rustic-stone wall,modern wood flooring,4109;4129;3943;4118;7334;3193;4338;3191;918;920;3251;3271;3200;3270;928;1845;3562;1043;954;3282,flg19,RNats2ap2rGvbdcKn
rodeo,Bull,Male,Lazy,Fitness,29-Oct,chaps,K.K. Technopop,Simple,Cool,Black,Red,concrete wall,monochromatic tile flooring,793;3957;3784;1186;3783;3590;3490;2560;4125;4105,bul01,QNT5F2pjZixKpiD4D
  FRIGA  ,Penguin,Female,Snooty,Fashion,16-Oct,brrrmph,Farewell,Elegant,Gorgeous,Pink,Black,white subway-tile wall,stone tile,4052;4049;4047;4053;4048;2776;4051;3683;3498;1757;4045;4046;4054;4050;929;4030;4017;4003,pgn04,uk9DGWqzxRT4TEJbm
OLAF,Anteater,Male,Smug,Education,19-May,whiffa,K.K. Milonga,Elegant,Gorgeous,Red,Black,black-brick wall,simple red flooring,3957;3951;7190;1840;4030;3950;3954;863;2554,ant09,ar73BhCacgwhTNYnX
tia,Elephant,Female,Normal,Nature,18-Nov,teacup,K.K. Bossa,Cute,Elegant,Black,White,café-curtain wall,brown iron-parquet flooring,1627;2554;1866;1626;3194;3467;915;8395;2713;3251;7236;1845;3270;3618,elp10,2SK8tjSB8JvYLgPn9
Kiki,Cat,Female,Normal,Education,8-Oct,kitty cat,Only Me,Simple,Simple,Brown,Beige,mod wall,simple white flooring,3950;1081;3952;8465;3271;4003;915;3270;3943,cat04,QTwru2TFs99vCznLg
  Genji  ,Rabbit,Male,Jock,Fitness,21-Jan,mochi,King K.K.,Elegant,Simple,Green,Purple,gold-screen wall,mossy-garden flooring,3580;7393;6031;716;710;7282;5976;677;7391;725,rbt08,zFPwakzpAr8fmL4FM
  truffles  ,Pig,Female,Peppy,Fashion,28-Jul,snoutie,Neapolitan,Cute,Gorgeous,Green,Red,mod wall,brown honeycomb tile,2713;4003;3428;2561;7132;3616;3998;3952;7536;1888,pig01,3oNZnyk4zv3zJD2m5
APPLE,Hamster,Female,Peppy,Play,24-Sep,cheekers,I Love You,Cute,Simple,Colorful,Red,apple wall,simple white flooring,1792;3251;3490;7134;3122;928;2560;1783;7327;4003;2605;4134;3996;2596;9766;3400,ham01,bEHwPJ3GBDZaNE4Bd
vivian,Wolf,Female,Snooty,Education,26-Jan,piffle,K.K. Cruisin',Gorgeous,Elegant,Gray,Purple,white-brick wall,dark wood-pattern flooring,4015;3270;3971;4052;4053;3986;4118;4046;4338;4054;928;4076;3951;3948;1868;4027,wol08,tWyG3bE5fwvNNGpWM
Bree,Mouse,Female,Snooty,Fashion,7-Jul,cheeseball,K.K. Bossa,Elegant,Gorgeous,Black,Blue,white botanical-tile wall,blue desert-tile flooring,4052;4051;4049;2776;3775;4098;1840;4054;4003;1227;4048,mus03,6khpEinhKwWjzZh9S
Muffy,Sheep,Female,Big Sister,Music,14-Feb,nightshade,K.K. Sonata,Gorgeous,Elegant,Black,Purple,black botanical-tile wall,purple desert-tile flooring,1153;3449;7236;9642;1127;4027;1227;4048;7531;3957;3943;3560;7337;3442;1128,shp12,BMbfDZTTqMr8T4Jvt
  penelope  ,Mouse,Female,Peppy,Fashion,5-Feb,oh bow,Bubblegum K.K.,Cute,Gorgeous,Pink,Red,cute red wall,red dot flooring,3995;3998;7134;3997;3996;4017;1757;4002;4001;3624;4000;4003,mus17,L9mYm8tvKg32G85cv
  lionel  ,Lion,Male,Smug,Music,29-Jul,precisely,K.K. Moody,Gorgeous,Active,Green,Gray,cityscape wall,simple blue flooring,1840;3957;2554;3958;3951;794;3784;9766;2731;3783,lon08,EQYQEL4crTYEN9yJs
  al  ,Gorilla,Male,Lazy,Fitness,18-Oct,ayyyeee,Go K.K. Rider,Active,Active,Red,White,concrete wall,green rubber flooring,1452;4078;4013;833;4116;3697;7845;3307;3946;3960;7800,gor08,LBifxETQJGEaLhBjC
  Cally  ,Squirrel,Female,Normal,Nature,4-Sep,WHEE,K.K. Stroll,Cute,Elegant,Red,Green,backyard-fence wall,daisy meadow,7236;1628;2319;1170;1620;6080;1624;333;3396;1082,squ11,DvkaYEh9vM2SXJLCc
fuchsia,Deer,Female,Big Sister,Music,19-Sep,precious,K.K. Rock,Cool,Cool,Pink,Pink,pink shanty wall,brown floral flooring,2554;4129;3997;3195;3995;3621;4003;849;4002;3428;3996;1644,der06,Z98WrodjQxXZAACLA
mitzi,Cat,Female,Normal,Education,25-Sep,mew,K.K. Love Song,Simple,Simple,Brown,Beige,blue painted-wood wall,light herringbone flooring,2560;3251;2605;2713;7134;3562;7133;7136;1288,cat01,4DpkbYXeoySwonvkS
  CLAUDE  ,Rabbit,Male,Lazy,Nature,3-Dec,hopalong,Pondering,Simple,Simple,Black,Colorful,manga-library wall,simple white flooring,1241;3672;1759;2605;2560;4003;2554;3439;3438;7466;7599;2731,rbt11,PPFtt3uWkRQNMg2tZ
Rosie,Cat,Female,Peppy,Music,27-Feb,silly,Bubblegum K.K.,Cute,Cute,Pink,Red,purple dotted wall,blue-paint flooring,4002;1757;4000;3998;3995;4001;3997;3999;2605;3996;7137;3428;4003,cat02,NTwyXi4RAX4EKTcW6
  canberra  ,Koala,Female,Big Sister,Play,14-May,nuh uh,K.K. Island,Active,Cool,Green,Light blue,tropical vista,starry-sands flooring,3684;5150;3345;665;7148;1117;664;3468;7259;7259,kal08,ugiHobiK9QnmA22ym
Punchy,Cat,Male,Lazy,Play,11-Apr,mrmpht,Forest Life,Simple,Simple,Blue,Light blue,blue simple-cloth wall,jointed-mat flooring,7134;2605;3995;7133;3251;4003;2713;2560;957;7136,cat06,Q8Qds8CMWMnXTGbqf
MAC,Dog,Male,Jock,Fitness,11-Nov,woo woof,My Place,Active,Cool,Red,Black,ivy wall,sandlot,1631;7142;1799;3348;7802;3229;1620;4113;4393;4042;1432;3697,dog14,bLyixhvrCHgBYzvoX
SOLEIL,Hamster,Female,Snooty,Education,9-Aug,tarnation,K.K. Oasis,Cool,Gorgeous,Red,Yellow,imperial wall,imperial tile,5956;3971;6031;1840;3972;794;3973;3970;3974;4017;997;7282,ham04,EzZzup4KP8t2FvL8f
Eloise,Elephant,Female,Snooty,Fashion,8-Dec,tooooot,K.K. Soul,Elegant,Simple,Green,Orange,yellow intricate wall,brown floral flooring,929;4052;4049;4053;4109;3275;4054;4076;3775;998;1050;3975;796,elp03,6QughAEZFkYZ5vKpw
  tybalt  ,Tiger,Male,Jock,Play,19-Aug,grrrRAH,K.K. Groove,Active,Simple,Blue,Purple,blue-paint wall,tiger-print flooring,1452;7654;4138;7845;4139;1241;8298;7528;4141;4003;8417;4756,tig02,Q49mH4FY3BrgFDoyN
