Name,#1,Material 1,#2,Material 2,#3,Material 3,#4,Material 4,#5,Material 5,#6,Material 6,Buy,Sell,Miles Price,Source,Source Notes,Recipes to Unlock,Version,Category,Serial ID,Internal ID,Unique Entry ID
  star head  ,5,star fragment,,,,,,,,,,,NFS,,NA,Celeste,,0,1.0.0,Headwear,2280,628,ruy96poyPqtxc5K4Y
  frozen partition  ,1,large snowflake,6,snowflake,,,,,,,,,,,NA,Snowboy,Reward for making a perfect Snowboy; Only available during Winter,0,1.0.0,Housewares,3205,147,8MAAQxYSHaQBQ6A2t
    PANSY WREATH    ,3,yellow pansies,3,white pansies,3,red pansies,,,,,,,,200,NA,All Villagers,,50,1.0.0,Wall-mounted,3557,230,qPZnLEKoAZbQxXQiG
knight's helmet,5,iron nugget,,,,,,,,,,,NFS,200,NA,Cranky villagers,,100,1.0.0,Headwear,980,641,3u8tk4SyAemkHTRzz
    WOODEN BOOKSHELF    ,5,book,10,wood,,,,,,,,,NFS,200,NA,Lazy villagers,,100,1.0.0,Housewares,2102,404,XE27aTmxufH84fcWf
  iron garden table  ,5,iron nugget,,,,,,,,,,,NFS,200,NA,Tom Nook; Big sister villagers,Obtained during the main storyline during the villager house development quest,0,1.0.0,Housewares,901,65,LfmT6j46no2RNRXDi
  ice wand  ,1,large snowflake,3,star fragment,,,,,,,,,NFS,,NA,Snowboy,Reward for making a perfect Snowboy; Only available during Winter,0,1.0.0,Tools,3290,533,pfuLcy3eLoxPsFMQy
  SHELL BED  ,5,giant clam,3,clay,4,stone,,,,,,,NFS,,NA,Peppy villagers,,0,1.0.0,Housewares,2703,181,PQaCd4ohLujJeKoLQ
OIL-BARREL BATHTUB,1,oil barrel,1,campfire,2,stone,,,,,,,,200,NA,Jock villagers,,100,1.0.0,Housewares,2150,394,kvTajEX5oeZ2DDyjt
  wedding fence  ,5,iron nugget,3,softwood,,,,,,,,,NFS,200,NA,Harvey,Only available during Wedding Season,0,1.2.0,Fencing,992,714,yZNfKe6dESLFFQ8J4
  shovel  ,1,flimsy shovel,1,iron nugget,,,,,,,,,NFS,,NA,Pretty Good Tools Recipes,Purchase Pretty Good Tools Recipes via Nook Miles Redemption,0,1.0.0,Tools,104,281,M3RrgtikixGSNWq24
  CLACKERCART  ,2,hardwood,6,softwood,,,,,,,,,,200,NA,Lazy villagers,,0,1.0.0,Housewares,402,164,EqWJqEqcpki2TCTXS
  gold bars  ,3,gold nugget,,,,,,,,,,,NFS,200,NA,Snooty villagers,,100,1.0.0,Miscellaneous,1100,81,3DtQMaiAHW8XDdX4c
  dark lily crown  ,6,black lilies,,,,,,,,,,,NFS,,NA,All Villagers,,200,1.0.0,Headwear,3625,257,Fr3oaQMDbkQ9N9i8t
    MODELING CLAY    ,2,clay,,,,,,,,,,,,,NA,Cranky villagers,,0,1.0.0,Miscellaneous,700,574,Z7ycbJwgAh8HWaaSm
apple umbrella,7,apple,,,,,,,,,,,NFS,,NA,Big Sister villagers,,100,1.0.0,Umbrellas,1780,623,N2aQCn6hYqjw2ijPX
  traditional straw coat  ,8,clump of weeds,,,,,,,,,,,NFS,,NA,Normal villagers,,0,1.0.0,Tops,1285,604,ofx4zP9Qj2tovbm3G
    BAMBOO BENCH    ,8,bamboo piece,,,,,,,,,,,,200,NA,Normal villagers,,50,1.0.0,Housewares,2401,46,iRBcw227DDdksTz3J
  FLIMSY SHOVEL  ,5,hardwood,,,,,,,,,,,280,200,NA,Blathers; Nook's Cranny,,0,1.0.0,Tools,103,19,bPp3TpiueJDRte9wT
  shell wand  ,3,summer shell,3,star fragment,,,,,,,,,NFS,200,NA,Balloons,Only available during Summer,0,1.0.0,Tools,2890,534,ZTaYhxtmS2F575QLd
  boomerang  ,3,hardwood,,,,,,,,,,,NFS,200,NA,Lazy villagers,,50,1.0.0,Wall-mounted,481,171,rMasSCDby69z84Fai
  MOSSY GARDEN ROCK  ,15,stone,15,clump of weeds,,,,,,,,,NFS,,NA,Lazy villagers,,0,1.0.0,Housewares,807,647,Fn45YxZCtsHx5u3t2
  medium cardboard boxes  ,4,cardboard box,,,,,,,,,,,NFS,200,NA,Lazy villagers,,0,1.0.0,Housewares,2135,610,Q9uBnt9n4okWbCgvg
    SHELL TABLE    ,7,sand dollar,3,clay,,,,,,,,,NFS,200,NA,Peppy villagers,,0,1.0.0,Housewares,2702,178,RXY6M4BmsWFJNqHAt
  log wall-mounted clock  ,2,hardwood,1,iron nugget,,,,,,,,,,200,NA,Lazy villagers,,50,1.0.0,Wall-mounted,340,115,qAiYovJGN6oxwXWqY
PURPLE HYACINTH CROWN,6,purple hyacinths,,,,,,,,,,,NFS,200,NA,All Villagers,,200,1.0.0,Headwear,3622,239,aHwaJQnuBTPrrjRtM
  BIRDHOUSE  ,2,wood,5,softwood,,,,,,,,,,,NA,Tom Nook; Peppy villagers,,0,1.0.0,Housewares,435,41,cDe3r9tficCbWgmH4
    IRON WALL LAMP    ,4,iron nugget,2,clay,,,,,,,,,NFS,200,NA,Wildest Dreams DIY,Purchase Wildest Dreams DIY from Nook's Cranny,0,1.0.0,Wall-mounted,930,122,b9KAgbNSetaJieTKp
bamboo hat,10,clump of weeds,,,,,,,,,,,NFS,200,NA,Cranky villagers,,0,1.0.0,Headwear,1284,607,p6dWvgRwv6574A7md
    shell arch    ,3,sea snail,3,venus comb,3,sand dollar,3,coral,3,giant clam,3,cowrie,,,NA,Lazy villagers,,100,1.0.0,Housewares,2705,175,o6M2coQ6bLoDQsWBm
  golden shovel  ,1,shovel,1,gold nugget,,,,,,,,,NFS,200,NA,Helping Gulliver 30 times,,0,1.0.0,Tools,113,660,aEtPEYkwgj9BJ48Et
    TRADITIONAL BALANCING TOY    ,4,acorn,2,hardwood,,,,,,,,,NFS,,NA,Balloons,Only available during Fall,0,1.0.0,Miscellaneous,2905,411,8jd6NZ7MD7hJjAgbw
  orange end table  ,10,orange,4,wood,,,,,,,,,NFS,,NA,Lazy villagers,,100,1.0.0,Housewares,1300,185,XsnyjhPAFhghBQj7r
  barrel  ,5,wood,2,iron nugget,,,,,,,,,,200,NA,Tom Nook; Cranky villagers,Obtained during the main storyline during the villager house development quest,0,1.0.0,Housewares,431,165,QBxsHQZ8DpGYE7d8S
  raccoon figurine  ,6,clay,,,,,,,,,,,NFS,200,NA,Cranky villagers,,0,1.0.0,Housewares,705,520,c3iADXgcRcQv3cTF3
  iron garden bench  ,8,iron nugget,,,,,,,,,,,,200,NA,Big Sister villagers,,0,1.0.0,Housewares,902,63,oDze7K3AbxFpni27M
    illuminated reindeer    ,6,gold ornament,5,iron nugget,,,,,,,,,NFS,200,NA,Balloons,Only available during Festive Season,0,1.0.0,Housewares,3409,392,PWkTWdSn5n9DncHBJ
IRONWOOD DRESSER,7,wood,4,iron nugget,,,,,,,,,,,NA,Snooty villagers,,0,1.0.0,Housewares,1002,86,zHZA38BSSukQPvfAx
    OUTDOOR PICNIC SET    ,10,cherry-blossom petal,,,,,,,,,,,NFS,200,NA,Balloons; Isabelle,Only available during Cherry-Blossom Season,0,1.0.0,Housewares,2603,422,uG5LkajvrX63DoMwC
    pansy crown    ,2,red pansies,2,yellow pansies,2,white pansies,,,,,,,,200,NA,All Villagers,,0,1.0.0,Headwear,3617,246,X8taQdT4nzX6wvY3S
  wave breaker  ,10,stone,10,clay,,,,,,,,,NFS,200,1500,Nook Miles Exchange,,0,1.0.0,Housewares,813,55,CruEkwMoLo3LcnyG4
  DRINKING FOUNTAIN  ,8,stone,2,iron nugget,,,,,,,,,NFS,200,800,Nook Miles Exchange,,0,1.0.0,Housewares,803,77,tsTxksskAQtbvJMWB
    cool windflower wreath    ,3,blue windflowers,3,pink windflowers,3,white windflowers,,,,,,,NFS,200,NA,All Villagers,,100,1.0.0,Wall-mounted,3541,441,Aer6cEdrENAWFD4TP
  lily wand  ,1,white lilies,3,star fragment,,,,,,,,,NFS,,NA,Celeste,,0,1.0.0,Tools,3677,530,sKXdSX9eDXe7mEpxG
  star pochette  ,6,star fragment,,,,,,,,,,,NFS,200,NA,Celeste,,0,1.0.0,Bags,2281,627,4fJpnNtzwpyCgJcNg
  SHELL LAMP  ,2,giant clam,3,clay,,,,,,,,,,,NA,Big Sister villagers,,0,1.0.0,Miscellaneous,2706,182,27oeQoY4DhhmPaEWS
  floral swag  ,10,clump of weeds,,,,,,,,,,,NFS,200,NA,Normal villagers,,50,1.0.0,Wall-mounted,1230,121,d2brTtEXPaFRfbcFh
    bamboo speaker    ,3,bamboo piece,1,iron nugget,,,,,,,,,NFS,200,NA,Snooty villagers,,50,1.0.0,Housewares,2411,591,59rwk7hPFaeWEX7AY
  chocolate herringbone wall  ,15,softwood,,,,,,,,,,,NFS,200,NA,Smug villagers,,0,1.0.0,Wallpaper,525,313,TvTxY9NBsDvQfXAJH
  BAMBOO FLOOR LAMP  ,8,bamboo piece,,,,,,,,,,,NFS,,NA,Normal villagers,,50,1.0.0,Housewares,2410,159,47AeakgHNdNvSvLRb
flimsy watering can,5,softwood,,,,,,,,,,,,200,NA,Tom Nook; Nook's Cranny,,0,1.0.0,Tools,109,20,FnnhLbn7KQdg2Xqey
  log dining table  ,15,hardwood,,,,,,,,,,,,200,NA,Tom Nook; Cranky villagers,Obtained during the main storyline during the villager house development quest,0,1.0.0,Housewares,333,118,TeyLyttsCPPGxsfgu
bunny day fence,1,earth egg,1,stone egg,1,leaf egg,1,wood egg,1,sky egg,1,water egg,NFS,200,NA,Egg bottle; Egg balloon,Only available during Bunny Day,0,1.1.0a,Fencing,3790,712,4Kdig9tWPTr4Xx6Kv
  brick fence  ,6,clay,,,,,,,,,,,NFS,200,1000,Nook Miles Exchange,,0,1.0.0,Fencing,790,99,F7bg775Kh6niY7gcZ
  STACK OF BOOKS  ,5,book,,,,,,,,,,,NFS,,NA,Lazy villagers,,100,1.0.0,Miscellaneous,2100,196,wRs5mmgErDd3guzAD
  golden toilet  ,6,gold nugget,,,,,,,,,,,NFS,200,NA,Snooty villagers,,200,1.0.0,Housewares,1106,262,LExLS6QXyLuhewyZm
  pretty tulip wreath  ,3,orange tulips,3,pink tulips,3,purple tulips,,,,,,,,200,NA,All Villagers,,100,1.0.0,Wall-mounted,3550,361,z4k9YXZrLp9x6TXXF
  BAMBOO FLOORING  ,15,bamboo piece,,,,,,,,,,,,200,NA,Cranky villagers,,50,1.0.0,Floors,2460,485,JyK3oMGwWg46SZ7M6
  backyard lawn  ,30,clump of weeds,,,,,,,,,,,NFS,200,NA,Peppy villagers,,0,1.0.0,Floors,1261,487,pCoJi3w8hqsWKsBvz
  TROPHY CASE  ,24,hardwood,3,gold nugget,6,iron nugget,,,,,,,,200,NA,Jock villagers,,100,1.0.0,Housewares,401,576,jtaKPkvSoNZGcDrNt
    IRON CLOSET    ,12,iron nugget,,,,,,,,,,,NFS,200,NA,Big Sister villagers,,0,1.0.0,Housewares,904,573,PamdzQi8BcNbAqHmL
  libra scale  ,3,star fragment,2,Libra fragment,2,gold nugget,,,,,,,NFS,200,NA,Celeste,,0,1.0.0,Miscellaneous,2306,132,td7wJhwym4yZKy6tQ
    wooden full-length mirror    ,5,wood,1,iron nugget,,,,,,,,,NFS,200,NA,Peppy villagers,,0,1.0.0,Housewares,320,502,dn4EDHGArXPGhs2Mx
frozen-treat set,1,large snowflake,1,snowflake,,,,,,,,,NFS,,NA,Snowboy,Reward for making a perfect Snowboy; Only available during Winter,0,1.0.0,Miscellaneous,3200,194,ygrBuPoB8ZKRjnXXD
pot,5,clay,,,,,,,,,,,NFS,200,NA,Tom Nook; Cranky villagers,Obtained during the main storyline during the villager house development quest,0,1.0.0,Miscellaneous,703,37,4kNto6azXBJEzDZvA
  tree's bounty big tree  ,5,pine cone,4,acorn,4,maple leaf,8,tree branch,4,clay,,,NFS,200,NA,Balloons,Only available during Maple Leaf Season,0,1.0.0,Housewares,2908,417,WruuvjyZLeuYLkpca
  TULIP WREATH  ,3,red tulips,3,yellow tulips,3,white tulips,,,,,,,NFS,200,NA,All Villagers,,50,1.0.0,Wall-mounted,3549,360,jpfWEEc78PXeP26Js
  cherry rug  ,6,cherry,,,,,,,,,,,NFS,200,NA,Peppy villagers,,100,1.0.0,Rugs,1470,543,pMnYDcm7v9cjAdLj2
    fountain    ,1,drinking fountain,20,stone,8,iron nugget,,,,,,,NFS,200,3000,Nook Miles Exchange,,0,1.0.0,Housewares,804,599,LWAeuHiDEv25pHRQx
    STONE-EGG SHELL    ,2,stone egg,,,,,,,,,,,NFS,,NA,Collecting stone eggs,Only available during Bunny Day,0,1.1.0a,Headwear,3763,676,bC74Ws22wnGThm6Mh
    old-fashioned washtub    ,3,softwood,,,,,,,,,,,NFS,,NA,DIY for Beginners,Purchase DIY for Beginners at Nook's Cranny,0,1.0.0,Miscellaneous,464,195,ebzFXSHFr3vGLoDSb
  mush table  ,2,flat mushroom,6,wood,,,,,,,,,NFS,,NA,Balloons,Only available during Mushroom Season,0,1.0.0,Housewares,3003,32,cECL9PSx9yNfPWNvW
    APPLE HAT    ,5,apple,,,,,,,,,,,NFS,200,NA,Big Sister villagers,,100,1.0.0,Headwear,1781,622,5ABmQxkN3SatETcEg
  BEEKEEPER'S HIVE  ,3,wasp nest,5,wood,,,,,,,,,NFS,,NA,Jock villagers,,0,1.0.0,Housewares,2000,204,nxtm2DdtRcHzAyrZX
  large cardboard boxes  ,5,cardboard box,,,,,,,,,,,NFS,,NA,Lazy villagers,,0,1.0.0,Housewares,2136,611,6eBT8zf9Fv2GWbZRk
peach dress,8,peach,,,,,,,,,,,,200,NA,Normal villagers,,100,1.0.0,Dresses,1582,618,zmPZEvBG6yYGmeFBx
    PALM-TREE LAMP    ,4,coconut,4,wood,4,clay,,,,,,,NFS,200,NA,Snooty villagers,,0,1.0.0,Housewares,1801,575,FcvtqX5qPrfTkDm7Z
AXE,1,flimsy axe,3,wood,1,iron nugget,,,,,,,,200,NA,Pretty Good Tools Recipes,Purchase Pretty Good Tools Recipes via Nook Miles Redemption,0,1.0.0,Tools,102,271,b3QE9sXE7w5KCXkS5
  birdcage  ,8,wood,,,,,,,,,,,NFS,,NA,Big Sister villagers,,0,1.0.0,Housewares,404,216,Dm56HseZexdC2ctda
  wooden table mirror  ,3,wood,1,iron nugget,,,,,,,,,NFS,,NA,Big Sister villagers,,0,1.0.0,Miscellaneous,321,572,7QmfhABkJayiuyPTt
  STARRY-SANDS FLOORING  ,3,summer shell,1,sandy-beach flooring,,,,,,,,,,,NA,Balloons,Only available during Summer,0,1.0.0,Floors,2861,667,eR5A2YsGKuygX85s2
  apple chair  ,10,apple,4,wood,,,,,,,,,NFS,,NA,Big Sister villagers,,100,1.0.0,Housewares,1700,189,HB55bMQf4D57ekNf4
  lunar rover  ,10,star fragment,10,iron nugget,4,old tire,,,,,,,NFS,,NA,Celeste,,0,1.0.0,Housewares,2226,373,bu2WXQC6ajuQYYejk
  RED-LEAF PILE  ,3,maple leaf,4,clump of weeds,,,,,,,,,,200,NA,Balloons; Isabelle,Only available during Maple Leaf Season,0,1.0.0,Housewares,2901,589,mLrdRGTNsXKuekHhN
  leaf-egg shell  ,2,leaf egg,,,,,,,,,,,NFS,,NA,Collecting leaf eggs,Only available during Bunny Day,0,1.1.0a,Headwear,3766,679,9Bf5xhQJQHvW8n8Jc
  golden watering can  ,1,watering can,1,gold nugget,,,,,,,,,NFS,200,NA,5-star town evaluation,,0,1.0.0,Tools,116,659,HShnyCLB3cPL5xNTx
    BAMBOO LATTICE FENCE    ,6,bamboo piece,,,,,,,,,,,NFS,200,1000,Nook Miles Exchange,,0,1.0.0,Fencing,2490,101,kFi2XW9eoPkAoWdS5
rocking horse,5,softwood,,,,,,,,,,,NFS,200,NA,Normal villagers,,0,1.0.0,Housewares,403,102,mYp7N7KfrH4GprNif
  IRON SHELF  ,14,iron nugget,,,,,,,,,,,NFS,,NA,Big Sister villagers,,0,1.0.0,Housewares,905,128,McdRNpxXrk9xKkK4S
  BLOSSOM-VIEWING LANTERN  ,6,cherry-blossom petal,4,hardwood,,,,,,,,,NFS,200,NA,Balloons,Only available during Cherry-Blossom Season,0,1.0.0,Housewares,2604,427,7dxFMY3pjTmv4D3QX
  green grass skirt  ,7,clump of weeds,,,,,,,,,,,NFS,,NA,Peppy villagers,,0,1.0.0,Bottoms,1287,605,mzQREt22Mh8reP5WY
  bamboo wand  ,6,young spring bamboo,3,star fragment,,,,,,,,,NFS,200,NA,Balloons,Only available during Spring,0,1.0.0,Tools,2590,538,Z5FSewP6wM2McqRCJ
    EARTH-EGG SHOES    ,2,earth egg,,,,,,,,,,,NFS,200,NA,Collecting earth eggs,Only available during Bunny Day,0,1.1.0a,Shoes,3762,675,usLoxmkjFnPhxs9nr
  HONEYCOMB FLOORING  ,5,wasp nest,,,,,,,,,,,,200,NA,Jock villagers,,0,1.0.0,Floors,2060,472,Yq6j7ppP9e4k6GuSz
  wooden low table  ,10,wood,,,,,,,,,,,,200,NA,Smug villagers,,0,1.0.0,Housewares,314,491,xA3hY8ZZd3qm9SqmP
FLOWER STAND,1,red roses,2,pink roses,2,orange roses,2,white liles,1,yellow lilies,4,purple windflowers,NFS,,NA,Big Sister villagers,,100,1.0.0,Housewares,3508,608,faN686NpjrFkDricn
  stone tablet  ,12,stone,,,,,,,,,,,NFS,200,800,Nook Miles Exchange,,0,1.0.0,Housewares,817,651,DoFhuq2qKsiTHz6T6
  mush lamp  ,1,skinny mushroom,5,clay,,,,,,,,,NFS,,NA,Balloons,Only available during Mushroom Season,0,1.0.0,Housewares,3006,51,vTR3yJt55jtNGdprm
  galaxy flooring  ,5,star fragment,1,large star fragment,,,,,,,,,NFS,200,NA,Celeste,,0,1.0.0,Floors,2260,482,e3XyJ7j4bQYXSRDBW
  STRAW FENCE  ,10,clump of weeds,3,wood,,,,,,,,,,200,1000,Nook Miles Exchange,,0,1.0.0,Fencing,1290,552,WpBzuYymcgmxSCn2m
    wooden table    ,15,wood,,,,,,,,,,,,,NA,Big Sister villagers,,0,1.0.0,Housewares,315,201,vXEY4HbrHoAoiQn9s
  TALL LANTERN  ,18,stone,,,,,,,,,,,NFS,200,NA,Smug villagers,,100,1.0.0,Housewares,818,653,5LkbaD7PpwzSvzERR
  bunny day festive balloons  ,1,stone egg,1,wood egg,1,water egg,,,,,,,NFS,200,NA,Egg bottle; Egg balloon,Only available during Bunny Day,0,1.1.0a,Housewares,3707,704,gSFqr84aRRt85bwzj
  WINDFLOWER CROWN  ,2,red windflowers,2,orange windflowers,2,white windflowers,,,,,,,NFS,,NA,All Villagers,,0,1.0.0,Headwear,3600,240,2bHpYXqeSKyRgCsHx
  flat garden rock  ,20,stone,,,,,,,,,,,NFS,,NA,Snooty villagers,,0,1.0.0,Housewares,806,646,JFxaTW3m9gD8zWTyQ
  lucky gold cat  ,2,gold nugget,1,lucky cat,,,,,,,,,NFS,200,NA,Snooty villagers,,100,1.0.0,Miscellaneous,1107,578,bKrB5YcmewKR5AWot
  water-egg shell  ,2,water egg,,,,,,,,,,,,200,NA,Collecting water eggs,Only available during Bunny Day,0,1.1.0a,Headwear,3775,688,YqZedKTDWgjDWcTR4
  FRYING PAN  ,2,iron nugget,,,,,,,,,,,NFS,,NA,DIY for Beginners,Purchase DIY for Beginners at Nook's Cranny,0,1.0.0,Miscellaneous,908,199,bgMKMNGmxjKPXaDNp
  document stack  ,1,scattered papers,,,,,,,,,,,NFS,200,NA,Smug villagers,,100,1.0.0,Miscellaneous,2120,462,rLvnyoEj48NFgsNpX
  orange wall-mounted clock  ,10,orange,2,wood,,,,,,,,,NFS,200,NA,Lazy villagers,,100,1.0.0,Wall-mounted,1330,184,rJaAL5N8CQQ5dPd9y
    mini DIY workbench    ,3,wood,3,hardwood,3,softwood,2,iron nugget,,,,,,,NA,Test Your DIY Skills,Purchase Test Your DIY Skills from Nook's Cranny.,0,1.0.0,Housewares,301,82,sLGJoXrKyqJ4bdhxb
  STARRY GARLAND  ,10,star fragment,,,,,,,,,,,NFS,,NA,Celeste,,0,1.0.0,Wall-mounted,2231,430,9LShEjECc39Sdyxzt
  MAPLE-LEAF UMBRELLA  ,7,maple leaf,,,,,,,,,,,,200,NA,Balloons,Only available during Maple Leaf Season,0,1.0.0,Umbrellas,2980,541,MWAN27apJPewSFHiR
CHERRY-BLOSSOM POND STONE,10,stone,3,cherry-blossom petal,,,,,,,,,NFS,,NA,Balloons,Only available during Cherry-Blossom Season,0,1.0.0,Housewares,820,511,5kPZxufBzifksrFoK
  snowperson head  ,1,large snowflake,5,snowflake,,,,,,,,,NFS,,NA,Snowboy,Reward for making a perfect Snowboy; Only available during Winter,0,1.0.0,Headwear,3280,637,6TuttvHpXz8cBQAqa
  BUNNY DAY TABLE  ,4,earth egg,,,,,,,,,,,,,NA,Egg bottle; Egg balloon,Only available during Bunny Day,0,1.1.0a,Housewares,3701,705,9aQh9Qrq3vpQdqueu
  taurus bathtub  ,3,star fragment,2,Taurus fragment,1,gold nugget,8,stone,,,,,,200,NA,Celeste,,0,1.0.0,Housewares,2301,384,tCQiMeCmYy7QeEP2K
    WOODEN STOOL    ,4,wood,,,,,,,,,,,NFS,,NA,Peppy villagers,,0,1.0.0,Housewares,310,168,tCZg7fdKsKoJ2Ca6y
coconut wall planter,1,coconut,5,clump of weeds,,,,,,,,,NFS,,NA,Snooty villagers,,50,1.0.0,Wall-mounted,1830,405,tw8LKPHQrkMZwgAua
PEACH CHAIR,10,peach,5,wood,,,,,,,,,,200,NA,Normal villagers,,100,1.0.0,Housewares,1500,187,nCJGnLxvqbshrxxxD
  POTTED IVY  ,5,clump of weeds,5,clay,,,,,,,,,NFS,200,NA,Test Your DIY Skills,Purchase Test Your DIY Skills from Nook's Cranny.,0,1.0.0,Wall-mounted,1231,214,PRZpskqoyoPoT6g3c
star clock,3,star fragment,1,iron nugget,,,,,,,,,,,NA,Celeste,,0,1.0.0,Miscellaneous,2230,514,2svknEfP5LbMe6Qur
  GOLD-ARMOR SHOES  ,4,gold nugget,,,,,,,,,,,NFS,200,NA,Smug villagers,,200,1.0.0,Shoes,1182,643,4nY6xoTSqFMjzsTLp
  sakura-wood flooring  ,5,cherry-blossom petal,10,wood,,,,,,,,,NFS,200,NA,Balloons,Only available during Cherry-Blossom Season,0,1.0.0,Floors,2661,649,fPZCc3qyHmip4YE4o
    MUSHROOM WREATH    ,10,tree branch,1,round mushroom,1,skinny mushroom,1,flat mushroom,,,,,NFS,200,NA,Balloons,Only available during Mushroom Season,0,1.0.0,Wall-mounted,3040,221,5XfaKLorByDHGp9pi
    PAW-PRINT DOORPLATE    ,3,wood,,,,,,,,,,,NFS,,NA,Peppy villagers,,50,1.0.0,Wall-mounted,501,466,S3f74cedig2pCxFHu
    pitfall seed    ,4,clump of weeds,6,tree branch,,,,,,,,,NFS,,NA,Jock villagers,Also obtained from digging up an existing pitfall,100,1.0.0,Other,135,264,QB33ur4L2mq5CvL4X
  apple wall  ,20,apple,,,,,,,,,,,NFS,200,NA,Big Sister villagers,,100,1.0.0,Wallpaper,1750,304,7azjirioafcXyzPHB
pond stone,10,stone,,,,,,,,,,,NFS,200,NA,Snooty villagers,,0,1.0.0,Housewares,819,513,LqSfpSHJgQyAJDHkJ
  bamboo wall decoration  ,1,bamboo piece,,,,,,,,,,,NFS,,NA,Jock villagers,,50,1.0.0,Wall-mounted,2430,151,Xb2ywJv5tsDeSKG2H
    DARK BAMBOO RUG    ,6,bamboo piece,,,,,,,,,,,,200,NA,Cranky villagers,,50,1.0.0,Rugs,2470,672,4FRs7iQAhxjseeyWP
  INFUSED-WATER DISPENSER  ,2,apple,2,pear,2,cherry,2,orange,2,peach,2,coconut,NFS,,NA,Cranky villagers,,100,1.0.0,Miscellaneous,1901,400,t24vHrtE8fyRkzyWK
  lily crown  ,2,red lilies,2,yellow lilies,2,white lilies,,,,,,,NFS,200,NA,All Villagers,,0,1.0.0,Headwear,3623,255,kAqnCE6oFFAeZvYXN
    pear umbrella    ,7,pear,,,,,,,,,,,NFS,200,NA,Jock villagers,,100,1.0.0,Umbrellas,1680,617,Z4yN2HWQNGM9HYBZo
brick well,8,clay,5,wood,1,flimsy shovel,,,,,,,NFS,,2000,Nook Miles Exchange,,0,1.0.0,Housewares,707,408,MZhaSK4GZ9D3jkRMw
  chic tulip crown  ,2,purple tulips,2,pink tulips,1,orange tulips,,,,,,,,200,NA,All Villagers,,100,1.0.0,Headwear,3610,244,AWo72X4YM3PnWSL2P
  steel flooring  ,7,iron nugget,,,,,,,,,,,NFS,200,NA,Smug villagers,,0,1.0.0,Floors,960,489,9ey59kSpvYXFaFzLz
  mush umbrella  ,3,flat mushroom,,,,,,,,,,,NFS,200,NA,Balloons,Only available during Mushroom Season,0,1.0.0,Umbrellas,3080,648,PT3wRG87hdFbt8kgG
  IRON HANGER STAND  ,3,iron nugget,,,,,,,,,,,,200,NA,Cranky villagers,,0,1.0.0,Housewares,906,365,sFNTL2NeXckRLskP7
  stone arch  ,90,stone,,,,,,,,,,,,200,2000,Nook Miles Exchange,,0,1.0.0,Housewares,809,652,6nZpvNEdHwxMgNtYC
  leaf-egg outfit  ,3,leaf egg,,,,,,,,,,,NFS,,NA,Collecting leaf eggs,Only available during Bunny Day,0,1.1.0a,Dresses,3767,680,iJeXo3dJrybEpPEHw
  DESTINATIONS SIGNPOST  ,4,hardwood,8,softwood,,,,,,,,,NFS,200,1500,Nook Miles Exchange,,0,1.0.0,Housewares,441,383,39ryJtTNCrokaosYW
    iron wand    ,3,iron nugget,3,star fragment,,,,,,,,,NFS,,NA,Celeste,,0,1.0.0,Tools,999,540,MYYovLTdmLov8y2hL
    TIRE TOY    ,1,old tire,,,,,,,,,,,NFS,200,NA,Fishing up an old tire,,0,1.0.0,Housewares,601,78,2bNpWkbwsHyXGCGb5
  TREE'S BOUNTY MOBILE  ,2,pine cone,3,acorn,3,tree branch,,,,,,,,,NA,Balloons,Only available during Fall,0,1.0.0,Wall-mounted,2930,414,F6WehkKZG7sSwRLBo
  bamboo-grove wall  ,7,young spring bamboo,3,bamboo shoot,,,,,,,,,NFS,200,NA,Balloons,Only available during Spring,0,1.0.0,Wallpaper,2551,300,YEqTcFmBecj7pp4XX
  WATER-EGG SHOES  ,2,water egg,,,,,,,,,,,,200,NA,Collecting water eggs,Only available during Bunny Day,0,1.1.0a,Shoes,3777,690,Bg9geKwGApyACyXEx
  log bed  ,30,hardwood,,,,,,,,,,,NFS,200,NA,Tom Nook; Peppy villagers,Obtained during the main storyline during the villager house development quest,0,1.0.0,Housewares,338,119,kCWnjzgmGXnkRY4Ww
GARDEN ROCK,15,stone,,,,,,,,,,,NFS,200,NA,Lazy villagers,,0,1.0.0,Housewares,805,48,gH69947Ybie3us6SB
    slingshot    ,5,hardwood,,,,,,,,,,,300,,NA,Nook's Cranny,,0,1.0.0,Tools,111,29,Bbew7NAtvtH9wLJrD
  dark wooden-mosaic wall  ,15,wood,,,,,,,,,,,,200,NA,Big Sister villagers,,0,1.0.0,Wallpaper,522,311,sEZQCkucygfgPphNu
  WOODEN-BLOCK WALL CLOCK  ,1,wooden-block toy,2,softwood,1,iron nugget,,,,,,,NFS,,NA,Peppy villagers,,50,1.0.0,Wall-mounted,359,90,g9N9eFwC48vsPWz5e
    tropical vista    ,5,summer shell,,,,,,,,,,,NFS,200,NA,Balloons,Only available during Summer,0,1.0.0,Wallpaper,2850,666,5mypRC2jBZnq6ywTT
  decoy duck  ,4,softwood,,,,,,,,,,,NFS,,NA,Smug villagers,,0,1.0.0,Miscellaneous,466,390,Rb8PSLPkNwP7hCk8G
ringtoss,2,wood,2,softwood,,,,,,,,,,200,NA,Test Your DIY Skills,Purchase Test Your DIY Skills from Nook's Cranny.,0,1.0.0,Miscellaneous,460,43,oADtSa2zmTwZ9NMQz
  MUSH PARTITION  ,3,skinny mushroom,,,,,,,,,,,,200,NA,Balloons,Only available during Mushroom Season,0,1.0.0,Housewares,3008,138,J89MsT5JKW43XJ4r8
  MANGA-LIBRARY WALL  ,10,magazine,,,,,,,,,,,NFS,,NA,Peppy villagers,,100,1.0.0,Wallpaper,2112,316,8JLp8kSxRMRChTXaT
    TULIP SURPRISE BOX    ,5,red tulips,3,softwood,,,,,,,,,,,NA,Jock villagers,,50,1.0.0,Housewares,3503,495,vn4G8vMx3426p84wv
  COOL PANSY CROWN  ,3,orange pansies,3,blue pansies,,,,,,,,,NFS,200,NA,All Villagers,,100,1.0.0,Headwear,3618,247,HH3M3xNAeCLsHTZRj
tiki torch,5,tree branch,5,wood,,,,,,,,,,200,NA,Tom Nook; Cranky villagers,,0,1.0.0,Housewares,202,103,cLXnJ7cnYZc8Pbh2T
CHERRY UMBRELLA,7,cherry,,,,,,,,,,,,,NA,Peppy villagers,,100,1.0.0,Umbrellas,1480,614,pKzsdzbBmNX3hZd7R
  dark rose wreath  ,3,black roses,6,purple roses,,,,,,,,,,200,NA,All Villagers,,200,1.0.0,Wall-mounted,3554,446,utyr7MwFDwd8syFcW
    HYACINTH CROWN    ,4,red hyacinths,2,yellow hyacinths,2,white hyacinths,,,,,,,,200,NA,All Villagers,,0,1.0.0,Headwear,3620,237,wChSX5vstYGQaWma7
  wooden-block chest  ,1,wooden-block toy,12,softwood,,,,,,,,,NFS,200,NA,Normal villagers,,0,1.0.0,Housewares,355,24,9cAfAFEhqMFHTefLC
cherry wall,20,cherry,,,,,,,,,,,NFS,200,NA,Peppy villagers,,100,1.0.0,Wallpaper,1450,307,c4EyTmXti6TusMbGF
magazine rack,2,magazine,4,wood,,,,,,,,,,,NA,Peppy villagers,,100,1.0.0,Miscellaneous,2110,413,8xG78nXxXkRwPuhqX
  jail bars  ,5,iron nugget,,,,,,,,,,,NFS,,NA,Cranky villagers,,0,1.0.0,Housewares,912,435,cQRevEHviBPSXaDRz
LEAF CAMPFIRE,3,pine cone,5,clump of weeds,3,tree branch,,,,,,,NFS,200,NA,Balloons,Only available during Fall,0,1.0.0,Housewares,2903,509,ziEwyR6mTntmTaKfX
  STACKED MAGAZINES  ,6,magazine,,,,,,,,,,,NFS,200,NA,Peppy villagers,,100,1.0.0,Miscellaneous,2111,197,3gMLM9p6vJS37zTZe
  COOL HYACINTH WREATH  ,3,orange hyacinths,3,blue hyacinths,3,pink hyacinths,,,,,,,NFS,,NA,All Villagers,,100,1.0.0,Wall-mounted,3561,453,HaC5frhoXCDpy5YYj
  FROZEN CHAIR  ,1,large snowflake,3,snowflake,,,,,,,,,NFS,200,NA,Snowboy,Reward for making a perfect Snowboy; Only available during Winter,0,1.0.0,Housewares,3201,142,jJq4Bjw6SaE7S8mnT
  GOLD ARMOR  ,8,gold nugget,,,,,,,,,,,NFS,,NA,Smug villagers,,100,1.0.0,Dresses,1181,566,9ThvdcF6fyMHcpzx2
  lunar surface  ,5,star fragment,1,large star fragment,,,,,,,,,NFS,,NA,Celeste,,0,1.0.0,Floors,2261,478,AbKXzqwJaJDmWnB9o
    iceberg flooring    ,10,snowflake,,,,,,,,,,,NFS,200,NA,Balloons,Only available during Winter,0,1.0.0,Floors,3361,289,hbGr49z9cKw5qeryp
RECYCLED-CAN THUMB PIANO,1,empty can,1,wood,1,iron nugget,,,,,,,,200,NA,Fishing up an empty can,,0,1.0.0,Miscellaneous,600,504,Wg8fZ2B2HqkvzvHDP
  plain wooden shop sign  ,6,wood,,,,,,,,,,,NFS,,NA,Jock villagers,,0,1.0.0,Housewares,372,166,q5Gq6yTqh25mfP83A
  WOOD-EGG OUTFIT  ,3,wood egg,,,,,,,,,,,NFS,200,NA,Collecting wood eggs,Only available during Bunny Day,0,1.1.0a,Dresses,3770,683,Cqe6TyaE38gnjAtmr
    SIMPLE DIY WORKBENCH    ,5,hardwood,1,iron nugget,,,,,,,,,,200,NA,Jock villagers,,0,1.0.0,Housewares,300,494,BBHuZzdLe6H7GEw2R
TREE'S BOUNTY LITTLE TREE,6,pine cone,4,acorn,1,hardwood,,,,,,,,200,NA,Balloons; Isabelle,Only available during Fall,0,1.0.0,Miscellaneous,2907,416,RgkwpSJpTC2nEc6vB
  rose bed  ,10,red roses,5,wood,,,,,,,,,NFS,,NA,Smug villagers,,50,1.0.0,Housewares,3504,507,7JwEWxhn5RhmvkgpS
cool windflower crown,3,blue windflowers,3,pink windflowers,,,,,,,,,NFS,200,NA,All Villagers,,100,1.0.0,Headwear,3601,241,8KsLNr5dskMACBgmg
  purple hyacinth wreath  ,10,purple hyacinths,,,,,,,,,,,,200,NA,All Villagers,,200,1.0.0,Wall-mounted,3562,452,QXWyxbAncQeicP3xY
  golden wall  ,4,gold nugget,,,,,,,,,,,NFS,,NA,Smug villagers,,100,1.0.0,Wallpaper,1150,299,u7gdHaAk5nbB4p5Ru
  mum wreath  ,3,white mums,3,yellow mums,3,red mums,,,,,,,,200,NA,All Villagers,,50,1.0.0,Wall-mounted,3543,231,LS93qbKCcMQLExqMG
  bone doorplate  ,3,softwood,,,,,,,,,,,,,NA,Lazy villagers,,50,1.0.0,Wall-mounted,500,467,jbvhjbWecrky57s9e
  golden seat  ,5,gold nugget,,,,,,,,,,,NFS,200,NA,Snooty villagers,,200,1.0.0,Housewares,1103,133,EgGa9re6PRbpcCESz
    cosmos shower    ,5,pink cosmos,3,iron nugget,,,,,,,,,NFS,200,NA,Snooty villagers,,50,1.0.0,Housewares,3502,501,WqnkcGJydxs7ueTdr
  VIRGO HARP  ,3,star fragment,2,Virgo fragment,2,gold nugget,4,stone,,,,,NFS,200,NA,Celeste,,0,1.0.0,Housewares,2305,368,kWfYtKDBGdFbzayNq
vertical-board fence,8,wood,,,,,,,,,,,NFS,200,1000,Nook Miles Exchange,,0,1.0.0,Fencing,581,100,gJHaHfwkn4dANzaTt
  shell rug  ,3,giant clam,,,,,,,,,,,NFS,200,NA,Peppy villagers,,0,1.0.0,Rugs,2770,668,pJJzEZ9zTJQvgRdLu
    wooden chest    ,16,wood,,,,,,,,,,,NFS,,NA,Lazy villagers,,0,1.0.0,Housewares,317,17,hAgLHeuw7xfkbzjpu
TERRARIUM,12,clump of weeds,2,iron nugget,,,,,,,,,NFS,,NA,Normal villagers,,0,1.0.0,Miscellaneous,1202,391,d7WN5879xto3Q7egY
    star wand    ,1,large star fragment,3,star fragment,,,,,,,,,NFS,200,NA,Celeste,,0,1.0.0,Tools,2291,523,yv5a3yQPS9tmBjhaP
    pine bonsai tree    ,8,pine cone,5,clay,,,,,,,,,NFS,,NA,Balloons,Only available during Fall,0,1.0.0,Miscellaneous,2910,592,ifZ8RQ4kxXgJawABR
PEACH SURPRISE BOX,10,peach,4,softwood,,,,,,,,,NFS,200,NA,Normal villagers,,100,1.0.0,Miscellaneous,1501,188,47GdZP9FTse2XqXCv
wooden toolbox,4,softwood,2,iron nugget,,,,,,,,,NFS,200,NA,Normal villagers,,0,1.0.0,Miscellaneous,468,579,qaHmYYCti572DQqW8
LEAF MASK,10,clump of weeds,,,,,,,,,,,,,NA,Peppy villagers,,0,1.0.0,Headwear,1281,635,ng67WBZo7rRfQSWDa
  STONE-EGG OUTFIT  ,3,stone egg,,,,,,,,,,,NFS,,NA,Collecting stone eggs,Only available during Bunny Day,0,1.1.0a,Dresses,3764,677,xrQW5CeTyHda2fcut
  ski-slope flooring  ,8,snowflake,,,,,,,,,,,NFS,200,NA,Balloons,Only available during Winter,0,1.0.0,Floors,3360,483,obRJkb8TbaWbaBxAt
  purple windflower crown  ,6,purple windflowers,,,,,,,,,,,NFS,200,NA,All Villagers,,200,1.0.0,Headwear,3602,242,kz9eW99mbZKy5QZSA
chic windflower wreath,10,purple windflowers,,,,,,,,,,,NFS,200,NA,All Villagers,,200,1.0.0,Wall-mounted,3542,440,2W5Pa9MKWHhknBENu
  fossil doorplate  ,1,fossil,2,stone,,,,,,,,,NFS,200,NA,Jock villagers,,50,1.0.0,Wall-mounted,840,464,eig2yBncaDeGLkfKP
    STONE WALL    ,10,stone,,,,,,,,,,,NFS,200,NA,Smug villagers,,0,1.0.0,Wallpaper,850,318,jkx7FkcrQdSWPqno2
    simple wooden fence    ,6,softwood,,,,,,,,,,,NFS,200,1000,Nook Miles Exchange,,0,1.0.0,Fencing,588,656,ZGyfJBiFPk58dPFfn
  SHELL STOOL  ,5,cowrie,,,,,,,,,,,NFS,200,NA,Big Sister villagers,,0,1.0.0,Housewares,2700,177,f4wdMHhuARgmQfdnB
  OUTDOOR BATH  ,20,stone,1,shovel,,,,,,,,,NFS,200,3000,Nook Miles Exchange,,0,1.0.0,Housewares,812,410,9odpMYcPqYJvqQ9qs
  LOG PACK  ,3,wood,5,hardwood,,,,,,,,,NFS,200,NA,Jock villagers,,0,1.0.0,Bags,570,638,fGoNxEDmgeZRehXXj
  diy workbench  ,5,wood,5,hardwood,5,softwood,3,iron nugget,1,mini DIY workbench,,,NFS,200,NA,Big Sister villagers,,100,1.0.0,Housewares,302,263,sjr8rh3ZujiLscc3C
  steel-frame wall  ,8,iron nugget,,,,,,,,,,,NFS,200,NA,Smug villagers,,0,1.0.0,Wallpaper,950,325,zStKcz96GL8oDdLW9
    hearth    ,2,bamboo piece,5,iron nugget,4,clay,5,hardwood,,,,,NFS,200,NA,Wildest Dreams DIY,Purchase Wildest Dreams DIY from Nook's Cranny,0,1.0.0,Housewares,2407,217,HwZwNAuYqaBbwS2YL
    lily wreath    ,3,white lilies,3,red lilies,3,yellow lilies,,,,,,,NFS,200,NA,All Villagers,,50,1.0.0,Wall-mounted,3563,438,T79DghfmPpWspJ9Eq
rose crown,2,red roses,2,yellow roses,2,white roses,,,,,,,NFS,200,NA,All Villagers,,0,1.0.0,Headwear,3612,252,nn5Ax694CmD7dzkDZ
FESTIVE TREE,3,red ornament,3,blue ornament,3,gold ornament,5,wood,,,,,NFS,200,NA,Balloons,Only available during Festive Season,0,1.0.0,Housewares,3403,274,vtwGE69N2Z3GppKwx
  LOG STOOL  ,4,wood,,,,,,,,,,,NFS,200,NA,Tom Nook; Peppy villagers,Obtained during the main storyline during the villager house development quest,0,1.0.0,Housewares,330,116,KCkvMzSKZoAGpFFvX
  cute lily crown  ,2,pink lilies,2,orange lilies,2,white lilies,,,,,,,NFS,200,NA,All Villagers,,100,1.0.0,Headwear,3624,256,WNR9mPLvre4qtfrnQ
    PURPLE PANSY CROWN    ,6,purple pansies,,,,,,,,,,,NFS,200,NA,All Villagers,,200,1.0.0,Headwear,3619,248,NJ8nZjXNYWmYkzzGA
  garden bench  ,12,wood,4,iron nugget,,,,,,,,,NFS,200,NA,Snooty villagers,,0,1.0.0,Housewares,1009,124,AToP4B59FCDjcpbHj
  TIRE STACK  ,3,old tire,,,,,,,,,,,NFS,200,NA,Fishing up three old tires,,0,1.0.0,Housewares,602,60,tNsxG387ihB4YLsx6
IRON FRAME,20,iron nugget,,,,,,,,,,,NFS,200,NA,Jock villagers,,0,1.0.0,Housewares,915,79,hzFGkyKC77m5kAHSA
    HAY BED    ,20,clump of weeds,,,,,,,,,,,NFS,200,NA,DIY for Beginners,Purchase DIY for Beginners at Nook's Cranny,0,1.0.0,Housewares,1200,167,7TFmXPG98wdcvvQe6
    CLASSIC PITCHER    ,4,clay,,,,,,,,,,,NFS,200,NA,Tom Nook; Snooty villagers,Obtained during the main storyline during the villager house development quest,0,1.0.0,Miscellaneous,702,192,jtdnvzuzyxYDa6xov
COLORED-LEAVES FLOORING,10,maple leaf,15,clump of weeds,,,,,,,,,NFS,200,NA,Balloons,Only available during Maple Leaf Season,0,1.0.0,Floors,2960,476,ENEvnncek9KfcwS9G
  SPACE SHUTTLE  ,5,star fragment,10,iron nugget,,,,,,,,,NFS,200,NA,Celeste,,0,1.0.0,Housewares,2223,381,rh4nYL67r9Cy33pxj
PAN FLUTE,7,young spring bamboo,,,,,,,,,,,NFS,200,NA,Balloons,Only available during Spring,0,1.0.0,Tools,134,398,oEeGqoaMP9XdQE3NF
  PEACH HAT  ,5,peach,,,,,,,,,,,NFS,200,NA,Normal villagers,,100,1.0.0,Headwear,1581,619,iSQTJwDAeiFowjbt5
  golden wand  ,2,gold nugget,3,star fragment,,,,,,,,,NFS,200,NA,Celeste,,0,1.0.0,Tools,1190,539,RgNWgCdnAK2qjJTmo
  WOODEN BUCKET  ,3,wood,1,iron nugget,,,,,,,,,NFS,200,NA,Tom Nook; Smug villagers,Obtained during the main storyline during the villager house development quest,0,1.0.0,Housewares,432,16,8ckCy9CHdL6iXXptE
  SILO  ,12,iron nugget,6,hardwood,12,clay,12,stone,,,,,NFS,200,3000,Nook Miles Exchange,,0,1.0.0,Housewares,708,598,6czwDvwNcJ6aLqsPm
  mush parasol  ,3,flat mushroom,,,,,,,,,,,NFS,200,NA,Balloons,Only available during Mushroom Season,0,1.0.0,Housewares,3007,139,WwaYiBvDKvBJzD3Bg
  CORRAL FENCE  ,6,wood,,,,,,,,,,,NFS,200,1000,Nook Miles Exchange,,0,1.0.0,Fencing,580,269,MRhMdwsDKNuaDfi8s
  wooden-block table  ,1,wooden-block toy,8,softwood,,,,,,,,,NFS,200,NA,Tom Nook; Big sister villagers,Obtained during the main storyline during the villager house development quest,0,1.0.0,Housewares,354,26,XT35v4Sb4K3QH2dWC
  kettlebell  ,5,iron nugget,,,,,,,,,,,NFS,200,NA,Jock villagers,,0,1.0.0,Miscellaneous,913,600,Mmspyi3WpibXgBh2u
WEDDING WAND,1,wedding flower stand,3,star fragment,,,,,,,,,NFS,200,NA,Cyrus,Only available during Wedding Season,0,1.2.0,Tools,3678,715,LokHc5XaxADprKGWJ
  basement flooring  ,10,stone,,,,,,,,,,,NFS,200,NA,Smug villagers,,0,1.0.0,Floors,860,474,RdpaWYGrZLzQWtKDJ
  CHERRY-BLOSSOM-TREES WALL  ,10,cherry-blossom petal,5,hardwood,,,,,,,,,NFS,200,NA,Balloons,Only available during Cherry-Blossom Season,0,1.0.0,Wallpaper,2650,480,C4v4pT2hwNJdB82tD
  straw umbrella hat  ,10,clump of weeds,,,,,,,,,,,NFS,200,NA,Smug villagers,,0,1.0.0,Headwear,1283,606,ADu83C55zHi4DfoFp
    SHELL FOUNTAIN    ,5,giant clam,3,stone,,,,,,,,,NFS,200,NA,Lazy villagers,,0,1.0.0,Housewares,2701,180,FQcXcbtASXK7kdQ9Q
  crescent-moon chair  ,7,star fragment,1,large star fragment,,,,,,,,,NFS,200,NA,Celeste,,0,1.0.0,Housewares,2201,432,3FcpSCLM9gcJrNhMu
  wooden waste bin  ,4,wood,,,,,,,,,,,NFS,200,NA,Big Sister villagers,,0,1.0.0,Housewares,322,173,kJHkBWB2YyDQwJWDN
    BASKET PACK    ,6,young spring bamboo,,,,,,,,,,,NFS,200,NA,Balloons,Only available during Spring,0,1.0.0,Bags,2580,645,j2a3p7Gtpy8fW2Z5S
  FLIMSY AXE  ,5,tree branch,1,stone,,,,,,,,,280,200,NA,Tom Nook; Nook's Cranny,,0,1.0.0,Tools,100,10,6WFHd6r74ZDND9eCx
  BUNNY DAY CROWN  ,1,earth egg,1,stone egg,1,leaf egg,1,wood egg,1,sky egg,1,water egg,NFS,200,NA,All villagers,Only available during Bunny Day,0,1.1.0a,Headwear,3780,693,ARB6gWR7MFyiPoP3b
    jungle wall    ,15,clump of weeds,3,wood,3,hardwood,3,softwood,,,,,NFS,200,NA,Jock villagers,,0,1.0.0,Wallpaper,1250,326,sKFxDKgEMLzZtPu7K
cancer table,3,star fragment,2,Cancer fragment,2,gold nugget,3,stone,,,,,NFS,200,NA,Celeste,,0,1.0.0,Housewares,2303,371,FvH6DXMtKuuXbmRdS
hyacinth wreath,3,white hyacinths,3,red hyacinths,3,yellow hyacinths,,,,,,,NFS,200,NA,All Villagers,,50,1.0.0,Wall-mounted,3560,232,ysyo8kjy4NBvj929M
  frozen pillar  ,1,large snowflake,4,snowflake,,,,,,,,,NFS,200,NA,Snowboy,Reward for making a perfect Snowboy; Only available during Winter,0,1.0.0,Housewares,3207,148,NLsTNAekFvRenddKs
    manhole cover    ,3,iron nugget,,,,,,,,,,,NFS,200,800,Nook Miles Exchange,,0,1.0.0,Housewares,917,277,6Zi8pyz29evu2n464
    EGG PARTY HAT    ,2,earth egg,2,stone egg,2,leaf egg,2,wood egg,2,sky egg,2,water egg,NFS,200,NA,Learning all egg outfit DIYs,Only available during Bunny Day,0,1.1.0a,Headwear,3778,691,SCBtDqCaR7QLCprjw
aroma pot,3,clay,,,,,,,,,,,NFS,200,NA,Snooty villagers,,0,1.0.0,Miscellaneous,704,30,BTu3bRj64f2dwdDXa
  BAMBOO WALL  ,15,bamboo piece,,,,,,,,,,,NFS,200,NA,Cranky villagers,,50,1.0.0,Wallpaper,2450,322,BYCNmo3a3HZQXWqHK
    bamboo noodle slide    ,7,young spring bamboo,3,wood,,,,,,,,,NFS,200,NA,Balloons; Isabelle,Only available during Spring,0,1.0.0,Housewares,2502,424,P9SmzDkYdcYuPmRop
  FLIMSY FISHING ROD  ,5,tree branch,,,,,,,,,,,280,200,NA,Tom Nook,,0,1.0.0,Tools,105,21,9JboJHudaWqqbQxbZ
  dark lily wreath  ,10,black lilies,,,,,,,,,,,NFS,200,NA,All Villagers,,200,1.0.0,Wall-mounted,3565,454,ExWh3urifQgJTCCH3
    holiday candle    ,5,red ornament,5,clump of weeds,,,,,,,,,NFS,200,NA,Balloons,Only available during Festive Season,0,1.0.0,Miscellaneous,3401,372,5f7xR7Kvm2mMwpGjz
  wooden simple bed  ,18,wood,,,,,,,,,,,NFS,200,NA,Tom Nook; Lazy villagers,Obtained during the main storyline during the villager house development quest,0,1.0.0,Housewares,318,18,ayWFNoe5BBmR5JDde
  TREE-BRANCH WAND  ,5,tree branch,3,star fragment,,,,,,,,,NFS,200,NA,Celeste,,0,1.0.0,Tools,290,535,8WNAJXXX3Dn4Ggv5T
    golden slingshot    ,1,slingshot,1,gold nugget,,,,,,,,,NFS,200,NA,Shooting 300 balloons,,0,1.0.0,Tools,117,661,W7WY5fpjB4Lc36YYs
  WAND  ,2,star fragment,,,,,,,,,,,NFS,200,NA,Celeste,,0,1.0.0,Tools,123,532,8vcfcHLWY7MLbb9Hn
  CHERRY SPEAKERS  ,10,cherry,2,iron nugget,,,,,,,,,NFS,200,NA,Peppy villagers,,100,1.0.0,Miscellaneous,1400,161,TtSKEhTt2uf2P9Mcj
blue rose crown,6,blue roses,,,,,,,,,,,NFS,200,NA,All Villagers,,200,1.0.0,Headwear,3615,459,5oscGctPhHbHFeSHY
    HYACINTH LAMP    ,5,purple hyacinths,3,clay,,,,,,,,,NFS,200,NA,Big Sister villagers,,50,1.0.0,Miscellaneous,3506,506,fBKmq2YprMreQQrYo
    succulent plant    ,10,clump of weeds,1,empty can,,,,,,,,,NFS,200,NA,Fishing up an empty can,,0,1.0.0,Miscellaneous,1201,190,YyxnntEPTDukJaRfY
  MUSH WALL  ,1,elegant mushroom,1,round mushroom,1,skinny mushroom,1,flat mushroom,,,,,NFS,200,NA,Balloons,Only available during Mushroom Season,0,1.0.0,Wallpaper,3051,308,6HKBjFrzRdfY5PArn
tiny library,3,book,5,wood,,,,,,,,,NFS,200,NA,Normal villagers,,100,1.0.0,Housewares,2101,278,rMWDf7X5P5jp8TnjK
    forest wall    ,2,elegant mushroom,2,round mushroom,2,skinny mushroom,2,flat mushroom,10,wood,,,NFS,200,NA,Balloons,Only available during Mushroom Season,0,1.0.0,Wallpaper,3050,484,dtfYZqMNT9jsPDwTj
  sky-egg shell  ,2,sky egg,,,,,,,,,,,NFS,200,NA,Collecting sky eggs,Only available during Bunny Day,0,1.1.0a,Headwear,3772,685,dvaSzuxBdqGoQsQtn
  tree's bounty arch  ,4,pine cone,5,acorn,5,maple leaf,15,tree branch,,,,,NFS,200,NA,Balloons,Only available during Maple Leaf Season,0,1.0.0,Housewares,2909,423,WQSMn7PgNkGiLjJaT
  BARBELL  ,10,iron nugget,,,,,,,,,,,NFS,200,NA,Jock villagers,,0,1.0.0,Housewares,914,395,A3fKpbNzYnRZwYMbx
    WESTERN-STYLE STONE    ,30,stone,,,,,,,,,,,NFS,200,NA,Normal villagers,,100,1.0.0,Housewares,814,518,5BDsJhPKYRpxFjyvz
    trash bags    ,1,empty can,1,boot,1,old tire,,,,,,,NFS,200,NA,Fishing up all 3 trash items,,0,1.0.0,Miscellaneous,603,66,yofDbWxuR2q36otG4
  GOLD ROSE WREATH  ,10,gold roses,,,,,,,,,,,NFS,200,NA,All Villagers,,200,1.0.0,Wall-mounted,3556,449,fYHqu9bGpt2ivTWRt
    PEAR RUG    ,6,pear,,,,,,,,,,,NFS,200,NA,Jock villagers,,100,1.0.0,Rugs,1670,546,eEcepcMqPiijQzjta
  jungle flooring  ,10,clump of weeds,10,clay,,,,,,,,,NFS,200,NA,Jock villagers,,0,1.0.0,Floors,1260,470,8Dg67mD5L3628ZfXP
  natural square table  ,4,hardwood,2,iron nugget,,,,,,,,,NFS,200,NA,Normal villagers,,0,1.0.0,Housewares,374,670,4nASdZyjax8qv3B8T
  pile of zen cushions  ,3,zen cushion,,,,,,,,,,,NFS,200,NA,Cranky villagers,,100,1.0.0,Housewares,2140,521,2CGSv5apJjzb9AZS5
  IRON ARMOR  ,8,iron nugget,,,,,,,,,,,NFS,200,NA,Cranky villagers,,100,1.0.0,Dresses,981,640,qMDWWFfXPFTMpGTpQ
  golden net  ,1,net,1,gold nugget,,,,,,,,,NFS,200,NA,Completing bug Critterpedia,,0,1.0.0,Tools,115,658,cnQ4qLNgFDK7F4NQJ
APPLE DRESS,8,apple,,,,,,,,,,,NFS,200,NA,Big Sister villagers,,100,1.0.0,Dresses,1782,621,KmfTvhh3qeyd6WcFJ
  IRON DOORPLATE  ,2,iron nugget,,,,,,,,,,,NFS,200,NA,Big Sister villagers,,50,1.0.0,Wall-mounted,940,468,ckD6nctsXhWjtaRmJ
wood-egg shell,2,wood egg,,,,,,,,,,,NFS,200,NA,Collecting wood eggs,Only available during Bunny Day,0,1.1.0a,Headwear,3769,682,Dokk8EnqpoFPBXD8R
  tulip crown  ,2,red tulips,2,yellow tulips,1,white tulips,,,,,,,NFS,200,NA,All Villagers,,0,1.0.0,Headwear,3609,243,Ltt8w4xYy5Qfp9R9b
  sandy-beach flooring  ,1,sea snail,1,venus comb,1,sand dollar,1,coral,1,giant clam,1,cowrie,NFS,200,NA,Jock villagers,,0,1.0.0,Floors,2760,669,39nh7pMHJthnDFjYE
CHERRY-BLOSSOM CLOCK,5,cherry-blossom petal,,,,,,,,,,,NFS,200,NA,Balloons,Only available during Cherry-Blossom Season,0,1.0.0,Wall-mounted,2630,426,9kPKbzAAQzJTu9758
  gong  ,6,iron nugget,5,wood,,,,,,,,,NFS,200,NA,Cranky villagers,,0,1.0.0,Housewares,910,393,sLG4MSw3ReWmoBQNf
    shell wreath    ,1,summer shell,1,sea snail,1,sand dollar,1,coral,1,giant clam,1,cowrie,NFS,200,NA,Balloons,Only available during Summer,0,1.0.0,Wall-mounted,2840,219,k7dondWtbpmYBYHaX
water-egg outfit,3,water egg,,,,,,,,,,,NFS,200,NA,Collecting water eggs,Only available during Bunny Day,0,1.1.0a,Dresses,3776,689,7iGNX78irzAu3Z5rw
wooden end table,8,wood,,,,,,,,,,,NFS,200,NA,Snooty villagers,,0,1.0.0,Housewares,313,170,nJDFrN9LmyK3FN7ZT
  golden dishes  ,1,gold nugget,,,,,,,,,,,NFS,200,NA,Snooty villagers,,0,1.0.0,Miscellaneous,1101,131,NX2ZZ8qZnEqqWtSGH
net,1,flimsy net,1,iron nugget,,,,,,,,,NFS,200,NA,Pretty Good Tools Recipes,Purchase Pretty Good Tools Recipes via Nook Miles Redemption,0,1.0.0,Tools,108,283,FZBFrFQRtepzzWPFp
    flimsy net    ,5,tree branch,,,,,,,,,,,280,200,NA,Tom Nook,,0,1.0.0,Tools,107,22,jF9AD5TZekwWomWwJ
  CHERRY-BLOSSOM BONSAI  ,6,cherry-blossom petal,2,hardwood,3,clump of weeds,3,clay,,,,,NFS,200,NA,Balloons,Only available during Cherry-Blossom Season,0,1.0.0,Miscellaneous,2601,375,ToGQibiXb4sB3pT7B
    LEAF    ,5,clump of weeds,,,,,,,,,,,NFS,200,NA,Jock villagers,,0,1.0.0,Accessories,1280,261,cJ9rqxsr9oZKrjHXJ
  GOLDEN FLOORING  ,4,gold nugget,,,,,,,,,,,NFS,200,NA,Smug villagers,,100,1.0.0,Floors,1160,475,Xju8kS2TB7B9EXbDG
BROWN HERRINGBONE WALL,15,softwood,,,,,,,,,,,NFS,200,NA,Big Sister villagers,,0,1.0.0,Wallpaper,524,312,YXiuGMDZmkG7wbuQn
pretty cosmos wreath,3,orange cosmos,3,pink cosmos,3,red cosmos,,,,,,,NFS,200,NA,All Villagers,,100,1.0.0,Wall-mounted,3547,445,sSXrhgXnaQfP53KFk
    BIRDBATH    ,6,stone,,,,,,,,,,,NFS,200,NA,Tom Nook; Snooty villagers,Obtained during the main storyline during the villager house development quest,0,1.0.0,Housewares,802,42,73BAmDLcYdhSDnHLR
    bamboo sphere    ,3,bamboo piece,,,,,,,,,,,NFS,200,NA,Normal villagers,,50,1.0.0,Miscellaneous,2404,420,4DSiABqB4KvShtQdM
ROBOT HERO,1,rocket,1,gold armor,30,rusted part,90,iron nugget,10,gold nugget,,,NFS,200,5000,Nook Miles Exchange,,0,1.0.0,Housewares,2228,594,4AjeuiarF5T2AAKSG
  IRON WORKTABLE  ,10,iron nugget,,,,,,,,,,,NFS,200,NA,Big Sister villagers,,0,1.0.0,Housewares,903,126,yoWsZbmhYnfeXhTgr
MAPLE-LEAF POCHETTE,6,maple leaf,,,,,,,,,,,NFS,200,NA,Balloons,Only available during Maple Leaf Season,0,1.0.0,Bags,2981,631,7uFqbJaQoW2doC3B3
    gemini closet    ,3,star fragment,2,Gemini fragment,2,gold nugget,6,stone,,,,,NFS,200,NA,Celeste,,0,1.0.0,Housewares,2302,377,jD3cfJDgrgBozKYnz
CREST DOORPLATE,4,iron nugget,,,,,,,,,,,NFS,200,NA,Smug villagers,,50,1.0.0,Wall-mounted,941,469,rBCZK2XaMKZ4jXrNH
  bamboo lunch box  ,4,bamboo piece,,,,,,,,,,,NFS,200,NA,Snooty villagers,,50,1.0.0,Miscellaneous,2406,421,ejw8RfXvq8vPJuLod
    tree standee    ,5,wood,8,softwood,,,,,,,,,NFS,200,NA,Jock villagers,,0,1.0.0,Housewares,381,585,QnPjCxDRTXoQDHYqZ
  GREEN-LEAF PILE  ,1,young spring bamboo,10,clump of weeds,,,,,,,,,NFS,200,NA,Balloons,Only available during Spring,0,1.0.0,Housewares,2501,587,yN7Ly9tsMKDvKqHu8
  STONE AXE  ,1,flimsy axe,3,wood,,,,,,,,,NFS,200,NA,Pretty Good Tools Recipes,Purchase Pretty Good Tools Recipes via Nook Miles Redemption,0,1.0.0,Tools,101,285,RYD96qHETZn2ex3EP
  iron garden chair  ,3,iron nugget,,,,,,,,,,,NFS,200,NA,Tom Nook; Big sister villagers,Obtained during the main storyline during the villager house development quest,0,1.0.0,Housewares,900,64,GTMdcZkxvPs6tDdQZ
  pansy table  ,5,yellow pansies,3,hardwood,,,,,,,,,NFS,200,NA,Normal villagers,,50,1.0.0,Housewares,3505,516,7iYZ6YuJGjETcGF8A
  knitted-grass backpack  ,20,clump of weeds,,,,,,,,,,,NFS,200,NA,Normal villagers,,0,1.0.0,Bags,1288,636,CoEssbnPs7xhuMbTF
ROCKET,10,star fragment,20,iron nugget,,,,,,,,,NFS,200,NA,Celeste,,0,1.0.0,Housewares,2221,409,xMbimsjjXPKdPSXxF
  fancy rose wreath  ,3,orange roses,3,pink roses,3,yellow roses,,,,,,,NFS,200,NA,All Villagers,,100,1.0.0,Wall-mounted,3553,448,vr9dDrXLQuDSwfDdy
    pear hat    ,5,pear,,,,,,,,,,,NFS,200,NA,Jock villagers,,100,1.0.0,Headwear,1681,616,u6hqbCNXEpdwk5TyW
    water flooring    ,6,summer shell,,,,,,,,,,,NFS,200,NA,Balloons,Only available during Summer,0,1.0.0,Floors,2862,565,pQvujBn8X2sq6j5FS
stone-egg shoes,2,stone egg,,,,,,,,,,,NFS,200,NA,Collecting stone eggs,Only available during Bunny Day,0,1.1.0a,Shoes,3765,678,qjuG3PA8rJWbnu5Qp
  CUTTING BOARD  ,2,hardwood,1,iron nugget,,,,,,,,,NFS,200,NA,Normal villagers,,0,1.0.0,Miscellaneous,465,284,ebxdGKznZzRDMMccg
  bunny day arch  ,2,earth egg,2,stone egg,2,leaf egg,2,wood egg,2,sky egg,2,water egg,NFS,200,NA,Zipper,Reward from Zipper after collecting all 6 egg types; Only available during Bunny Day,0,1.1.0a,Housewares,3708,695,LnuCzHYJaAs4HNMdm
    SPIKY FENCE    ,8,hardwood,,,,,,,,,,,NFS,200,1000,Nook Miles Exchange,,0,1.0.0,Fencing,584,553,KwQDAafZxyPRLtYFn
  COSMOS CROWN  ,2,red cosmos,2,yellow cosmos,3,white cosmos,,,,,,,NFS,200,NA,All Villagers,,0,1.0.0,Headwear,3606,249,RBhKgvizEg6uocZvQ
    wooden-block bed    ,1,wooden-block toy,17,softwood,,,,,,,,,NFS,200,NA,Normal villagers,,0,1.0.0,Housewares,356,61,jojeuDRs9dnhhtrNE
  bunny day bed  ,1,earth egg,1,stone egg,1,leaf egg,1,wood egg,1,sky egg,1,water egg,NFS,200,NA,Egg bottle; Egg balloon,Only available during Bunny Day,0,1.1.0a,Housewares,3704,698,FiJ85ZKnHbkjNQ7FF
    ASTRONAUT SUIT    ,5,star fragment,5,iron nugget,,,,,,,,,NFS,200,NA,Celeste,,0,1.0.0,Housewares,2220,236,sczENjHH7XW8e2n3Q
  earth-egg shell  ,2,earth egg,,,,,,,,,,,NFS,200,NA,Collecting earth eggs,Only available during Bunny Day,0,1.1.0a,Headwear,3760,673,C9wvFR7fBGccZDyWa
  barbed-wire fence  ,3,hardwood,2,iron nugget,,,,,,,,,NFS,200,1000,Nook Miles Exchange,,0,1.0.0,Fencing,585,561,dgW8J3q4JWsyyrDxP
  STONE STOOL  ,3,stone,,,,,,,,,,,NFS,200,NA,DIY for Beginners,Purchase DIY for Beginners at Nook's Cranny,0,1.0.0,Housewares,800,104,zAdsd8FZE7z3BzvJz
  PANSY WAND  ,1,yellow pansies,3,star fragment,,,,,,,,,NFS,200,NA,Celeste,,0,1.0.0,Tools,3675,527,5NPaTGzE9ZCAryFmE
  frozen sculpture  ,1,large snowflake,4,snowflake,,,,,,,,,NFS,200,NA,Snowboy,Reward for making a perfect Snowboy; Only available during Winter,0,1.0.0,Housewares,3208,141,GGrDCvwPHpbzRnhzi
  GOLDEN GEARS  ,1,gold nugget,3,iron nugget,,,,,,,,,NFS,200,NA,Smug villagers,,50,1.0.0,Wall-mounted,1130,595,5JDaCQoYazbP4QkGN
    BLUE ROSE WREATH    ,10,blue roses,,,,,,,,,,,NFS,200,NA,All Villagers,,200,1.0.0,Wall-mounted,3555,447,XbGbAr5htMNb6h4mr
    MOON    ,15,star fragment,1,large star fragment,,,,,,,,,NFS,200,NA,Celeste,,0,1.0.0,Housewares,2202,234,5GevvAMTu6Lf7ueyE
  leaf stool  ,3,maple leaf,3,wood,,,,,,,,,NFS,200,NA,Balloons,Only available during Maple Leaf Season,0,1.0.0,Housewares,2904,519,u2hwyRwKoRYdCHrHY
    illuminated tree    ,3,red ornament,4,gold ornament,3,iron nugget,,,,,,,NFS,200,NA,Balloons,Only available during Festive Season,0,1.0.0,Housewares,3410,203,S8meymsrnGbZRN5XM
    SKY-EGG SHOES    ,2,sky egg,,,,,,,,,,,NFS,200,NA,Collecting sky eggs,Only available during Bunny Day,0,1.1.0a,Shoes,3774,687,EHXPk3QeW6EZy7pF9
SIMPLE WELL,15,stone,1,flimsy shovel,,,,,,,,,NFS,200,2000,Nook Miles Exchange,,0,1.0.0,Housewares,811,36,bFSWqMEdNJZBRALME
  yellow-leaf pile  ,3,acorn,5,clump of weeds,,,,,,,,,NFS,200,NA,Balloons,Only available during Fall,0,1.0.0,Housewares,2900,588,tFckEAxEjrgkrc3ga
  ironwood bed  ,20,wood,10,iron nugget,,,,,,,,,NFS,200,NA,Smug villagers,,0,1.0.0,Housewares,1005,87,Gs6r4jNYwqfyjcBAQ
GIANT TEDDY BEAR,1,Papa bear,1,Mama bear,1,Baby bear,,,,,,,NFS,200,NA,Peppy villagers,,100,1.0.0,Housewares,2160,577,jPYidbBoH7RNB4jRQ
    FANCY MUM WREATH    ,3,pink mums,3,purple mums,3,red mums,,,,,,,NFS,200,NA,All Villagers,,100,1.0.0,Wall-mounted,3544,443,qW3wgimoN7XhG5BvD
  plain sink  ,6,wood,4,clay,1,iron nugget,,,,,,,NFS,200,NA,Wildest Dreams DIY,Purchase Wildest Dreams DIY from Nook's Cranny,0,1.0.0,Housewares,371,174,2ep7S8GmDoqMHTzTo
    STANDARD UMBRELLA STAND    ,3,iron nugget,,,,,,,,,,,NFS,200,NA,Cranky villagers,,0,1.0.0,Housewares,907,169,vXFQZrMwx56imYidt
CHERRY-BLOSSOM WAND,3,cherry-blossom petal,3,star fragment,,,,,,,,,NFS,200,NA,Balloons,Only available during Cherry-Blossom Season,0,1.0.0,Tools,2690,537,TRZ2p8L58k3FvGpPJ
  PEAR BED  ,10,pear,6,softwood,,,,,,,,,NFS,200,NA,Jock villagers,,100,1.0.0,Housewares,1601,186,cGN8QeEJjgtfZJnqv
  acoustic guitar  ,8,softwood,3,iron nugget,,,,,,,,,NFS,200,NA,Smug villagers,,0,1.0.0,Housewares,406,44,Y62RymJYgbmZEyQon
  windflower fan  ,3,red windflowers,2,iron nugget,,,,,,,,,NFS,200,NA,Lazy villagers,,50,1.0.0,Miscellaneous,3500,503,6Fz77bGPrTCrYNffT
  BUNNY DAY WREATH  ,1,earth egg,1,stone egg,1,leaf egg,1,wood egg,1,sky egg,1,water egg,NFS,200,NA,Egg bottle; Egg balloon,Only available during Bunny Day,0,1.1.0a,Wall-mounted,3740,707,296Ws5ikbL8hMv3ZC
  gold rose crown  ,6,gold roses,,,,,,,,,,,NFS,200,NA,All Villagers,,200,1.0.0,Headwear,3616,460,RAj5rwhgZgfNLzsTh
  bamboo stopblock  ,3,bamboo piece,,,,,,,,,,,NFS,200,NA,Jock villagers,,50,1.0.0,Housewares,2412,154,g6cSM6je3YN47KiMD
tea table,12,hardwood,,,,,,,,,,,NFS,200,NA,Cranky villagers,,0,1.0.0,Housewares,400,33,k7Auf6dj296Eyu2QP
sagittarius arrow,3,star fragment,2,Sagittarius fragment,2,gold nugget,,,,,,,NFS,200,NA,Celeste,,0,1.0.0,Wall-mounted,2308,376,E3TJjo97BMNgHWPAH
  simple mum crown  ,6,green mums,,,,,,,,,,,NFS,200,NA,All Villagers,,200,1.0.0,Headwear,3605,260,Pib8R6Z4czejLxJK3
    orange hat    ,5,orange,,,,,,,,,,,NFS,200,NA,Lazy villagers,,100,1.0.0,Headwear,1381,624,yqpHcrzwzywbANi6S
  CHERRY DRESS  ,8,cherry,,,,,,,,,,,NFS,200,NA,Peppy villagers,,100,1.0.0,Dresses,1482,612,XeA7zE2nkf38vLXR2
  MOUNTAIN STANDEE  ,4,wood,5,softwood,,,,,,,,,NFS,200,NA,Jock villagers,,0,1.0.0,Housewares,380,584,zAFMi693PuR7nPnMs
mush log,2,skinny mushroom,1,log stool,,,,,,,,,NFS,200,NA,Balloons,Only available during Mushroom Season,0,1.0.0,Housewares,3001,136,FMN3xak2uqjTCo47s
hyacinth wand,1,pink hyacinths,3,star fragment,,,,,,,,,NFS,200,NA,Celeste,,0,1.0.0,Tools,3676,524,SfyT7DJYnMvjQmSRX
    asteroid    ,5,star fragment,10,stone,,,,,,,,,NFS,200,NA,Celeste,,0,1.0.0,Housewares,2203,235,BPNHraJWRXYZahLoJ
log round table,15,hardwood,,,,,,,,,,,NFS,200,NA,Peppy villagers,,0,1.0.0,Housewares,334,111,aveZx5Dz7zLGfBiS7
    PEACH UMBRELLA    ,7,peach,,,,,,,,,,,NFS,200,NA,Normal villagers,,100,1.0.0,Umbrellas,1580,620,bpoAgczMK3d6dmtte
IRONWOOD CUPBOARD,12,wood,6,iron nugget,1,ironwood dresser,,,,,,,NFS,200,NA,Snooty villagers,,100,1.0.0,Housewares,1006,92,bFD87nMsrphrQcGhi
fish bait,1,manila clam,,,,,,,,,,,NFS,200,NA,Digging up clams,,0,1.0.0,Other,131,191,XSQzMk4R5tzbPbToi
  WOODEN-MOSAIC WALL  ,15,wood,,,,,,,,,,,NFS,200,NA,Normal villagers,,0,1.0.0,Wallpaper,521,310,TYGjpCGthu9jgA5ty
  STARRY-SKY WALL  ,5,star fragment,1,large star fragment,,,,,,,,,NFS,200,NA,Celeste,,0,1.0.0,Wallpaper,2250,294,k4Fuy56j7X2gnPbhq
  WOODEN-BLOCK BOOKSHELF  ,1,wooden-block toy,3,softwood,,,,,,,,,NFS,200,NA,Test Your DIY Skills,Purchase Test Your DIY Skills from Nook's Cranny.,0,1.0.0,Housewares,357,62,ncMTEpvQfe9SGvipJ
  TABLETOP FESTIVE TREE  ,5,gold ornament,3,tree branch,2,clay,,,,,,,NFS,200,NA,Balloons,Only available during Festive Season,0,1.0.0,Miscellaneous,3402,388,kNa25SiznwzDANzYb
  ice flooring  ,1,large snowflake,8,snowflake,,,,,,,,,NFS,200,NA,Snowboy,Reward for making a perfect Snowboy; Only available during Winter,0,1.0.0,Floors,3260,288,r4NnQCo7BTJX7QwLd
FROZEN TREE,1,large snowflake,8,snowflake,,,,,,,,,NFS,200,NA,Snowboy,Reward for making a perfect Snowboy; Only available during Winter,0,1.0.0,Housewares,3209,145,CiiuZA9ZJhtjTrD8C
STALL,12,wood,,,,,,,,,,,NFS,200,2000,Nook Miles Exchange,,0,1.0.0,Housewares,438,596,Et4TyaGdqojFhBPej
    THREE-TIERED SNOWPERSON    ,1,large snowflake,6,snowflake,2,tree branch,,,,,,,NFS,200,NA,Snowboy,Reward for making a perfect Snowboy; Only available during Winter,0,1.0.0,Housewares,3210,364,XhwGfK9fy9iaq8qwt
  brick oven  ,8,clay,2,iron nugget,6,wood,,,,,,,NFS,200,NA,Wildest Dreams DIY,Purchase Wildest Dreams DIY from Nook's Cranny,0,1.0.0,Housewares,706,58,HKzfxMGvbz6Xhni9E
    stacked-wood wall    ,15,hardwood,,,,,,,,,,,NFS,200,NA,Jock villagers,,0,1.0.0,Wallpaper,528,314,NNmn5yJHFnwDWkcRN
  WOOD-EGG SHOES  ,2,wood egg,,,,,,,,,,,NFS,200,NA,Collecting wood eggs,Only available during Bunny Day,0,1.1.0a,Shoes,3771,684,cEawPHH27B36anZsf
  IMPERIAL FENCE  ,6,wood,4,softwood,,,,,,,,,NFS,200,1000,Nook Miles Exchange,,0,1.0.0,Fencing,597,550,6xscDDXokkLGARAzw
    bamboo doll    ,6,young spring bamboo,,,,,,,,,,,NFS,200,NA,Balloons,Only available during Spring,0,1.0.0,Housewares,2500,158,gc6yP5HuqTxEGBK48
  log garden lounge  ,12,hardwood,,,,,,,,,,,NFS,200,NA,Tom Nook; Peppy villagers,Obtained during the main storyline during the villager house development quest,0,1.0.0,Housewares,335,113,PDwJZtp2PN93N3NfZ
  SKY-EGG OUTFIT  ,3,sky egg,,,,,,,,,,,NFS,200,NA,Collecting sky eggs,Only available during Bunny Day,0,1.1.0a,Dresses,3773,686,weRPdpf2rNKk5M6To
  fancy lily wreath  ,3,orange lilies,3,pink lilies,3,yellow lilies,,,,,,,NFS,200,NA,All Villagers,,100,1.0.0,Wall-mounted,3564,455,yj4Z2oGDi6Thvm89d
  ironwood kitchenette  ,4,wood,3,iron nugget,1,ironwood dresser,1,cutting board,,,,,NFS,200,NA,Wildest Dreams DIY,Purchase Wildest Dreams DIY from Nook's Cranny,0,1.0.0,Housewares,1007,91,Aws83WvmsMbK8mamt
  FRUIT BASKET  ,1,apple,1,pear,1,cherry,1,orange,1,peach,,,NFS,200,NA,Cranky villagers,,100,1.0.0,Miscellaneous,1900,56,sAtJ8kdcam2FX5MJb
  peach rug  ,6,peach,,,,,,,,,,,NFS,200,NA,Normal villagers,,100,1.0.0,Rugs,1570,545,qYQTQktpoWBckW63d
    RECYCLED BOOTS    ,2,boot,,,,,,,,,,,NFS,200,NA,Fishing up a boot,,0,1.0.0,Shoes,690,664,yqYz3fPAdv4nDcv9X
STONE LION-DOG,24,stone,,,,,,,,,,,NFS,200,NA,Smug villagers,,100,1.0.0,Housewares,816,570,qLZ2ZtquCBHWMF9Ke
    mums wand    ,1,yellow mums,,,,,,,,,,,NFS,200,NA,Celeste,,0,1.0.0,Tools,3671,531,jbWRPr9kP6jXS3SLW
LOG BENCH,5,hardwood,,,,,,,,,,,NFS,200,NA,Tom Nook; Normal villagers,Obtained during the main storyline during the villager house development quest,0,1.0.0,Housewares,331,112,AQwJbwnFqY9yQ2XJ4
  cosmos wand  ,1,white cosmos,3,star fragment,,,,,,,,,NFS,200,NA,Celeste,,0,1.0.0,Tools,3672,528,qw6sc7YjNoXFjQt7J
cherry-blossom branches,8,cherry-blossom petal,4,tree branch,5,clay,,,,,,,NFS,200,NA,Balloons,Only available during Cherry-Blossom Season,0,1.0.0,Housewares,2602,419,6P3zgNBfKCc3vZxjJ
    ORNAMENT WREATH    ,6,blue ornament,2,gold ornament,,,,,,,,,NFS,200,NA,Balloons,Only available during Festive Season,0,1.0.0,Wall-mounted,3440,226,rLcgugWkG2sntC7Lh
  cardboard bed  ,4,cardboard box,,,,,,,,,,,NFS,200,NA,Lazy villagers,,0,1.0.0,Housewares,2133,497,egMT9pGzXF4tW2TcQ
SKI-SLOPE WALL,8,snowflake,,,,,,,,,,,NFS,200,NA,Balloons,Only available during Winter,0,1.0.0,Wallpaper,3350,295,GpPrFGQc3wjpPYh2C
    matryoshka    ,5,softwood,,,,,,,,,,,NFS,200,NA,Lazy villagers,,0,1.0.0,Miscellaneous,461,403,ogWXGmNDThxbXqgMG
  golden dung beetle  ,3,gold nugget,,,,,,,,,,,NFS,200,NA,Lazy villagers,,100,1.0.0,Miscellaneous,1131,601,XhKhDoMTgc8eAoJna
    SNOWFLAKE POCHETTE    ,6,snowflake,,,,,,,,,,,NFS,200,NA,Balloons,Only available during Winter,0,1.0.0,Bags,3380,633,8b7zapAg4LJDda6Tk
    cool hyacinth crown    ,4,blue hyacinths,2,pink hyacinths,2,orange hyacinths,,,,,,,NFS,200,NA,All Villagers,,100,1.0.0,Headwear,3621,238,zRzWiZwk8nTjaPxy7
BAMBOO CANDLEHOLDER,3,bamboo piece,2,clay,,,,,,,,,NFS,200,NA,Snooty villagers,,50,1.0.0,Miscellaneous,2402,153,9FCcnLSsxLXkR2NEA
  bunny day merry balloons  ,1,earth egg,1,leaf egg,1,sky egg,,,,,,,NFS,200,NA,Egg bottle; Egg balloon,Only available during Bunny Day,0,1.1.0a,Housewares,3706,702,8JL8MamAW5zYTfT3J
    CHERRY-BLOSSOM-PETAL PILE    ,5,cherry-blossom petal,,,,,,,,,,,NFS,200,NA,Balloons,Only available during Cherry-Blossom Season,0,1.0.0,Housewares,2600,418,Brh7tns5YQ2rzkYLN
  ironwood cart  ,6,wood,4,iron nugget,,,,,,,,,NFS,200,NA,Smug villagers,,0,1.0.0,Housewares,1001,85,MdPCQSxd8CnBRe9Ac
    sci-fi flooring    ,5,star fragment,1,large star fragment,,,,,,,,,NFS,200,NA,Celeste,,0,1.0.0,Floors,2262,477,HYS6oTgQ85xyP8cuv
  cherry-blossom pochette  ,6,cherry-blossom petal,,,,,,,,,,,NFS,200,NA,Balloons,Only available during Cherry-Blossom Season,0,1.0.0,Bags,2681,630,vh9iLeDKLo3LR8T4G
    simple wooden fence    ,6,softwood,,,,,,,,,,,NFS,200,1000,Nook Miles Exchange,,0,1.0.0,Fencing,588,656,ZGyfJBiFPk58dPFfn
  diy workbench  ,5,wood,5,hardwood,5,softwood,3,iron nugget,1,mini DIY workbench,,,NFS,200,NA,Big Sister villagers,,100,1.0.0,Housewares,302,263,sjr8rh3ZujiLscc3C
knight's helmet,5,iron nugget,,,,,,,,,,,NFS,200,NA,Cranky villagers,,100,1.0.0,Headwear,980,641,3u8tk4SyAemkHTRzz
    star wand    ,1,large star fragment,3,star fragment,,,,,,,,,NFS,200,NA,Celeste,,0,1.0.0,Tools,2291,523,yv5a3yQPS9tmBjhaP
    manhole cover    ,3,iron nugget,,,,,,,,,,,,200,800,Nook Miles Exchange,,0,1.0.0,Housewares,917,277,6Zi8pyz29evu2n464
  cosmos wand  ,1,white cosmos,3,star fragment,,,,,,,,,NFS,,NA,Celeste,,0,1.0.0,Tools,3672,528,qw6sc7YjNoXFjQt7J
  jungle flooring  ,10,clump of weeds,10,clay,,,,,,,,,NFS,200,NA,Jock villagers,,0,1.0.0,Floors,1260,470,8Dg67mD5L3628ZfXP
  BUNNY DAY CROWN  ,1,earth egg,1,stone egg,1,leaf egg,1,wood egg,1,sky egg,1,water egg,NFS,200,NA,All villagers,Only available during Bunny Day,0,1.1.0a,Headwear,3780,693,ARB6gWR7MFyiPoP3b
PEACH CHAIR,10,peach,5,wood,,,,,,,,,,200,NA,Normal villagers,,100,1.0.0,Housewares,1500,187,nCJGnLxvqbshrxxxD
bamboo hat,10,clump of weeds,,,,,,,,,,,NFS,200,NA,Cranky villagers,,0,1.0.0,Headwear,1284,607,p6dWvgRwv6574A7md
    cool windflower wreath    ,3,blue windflowers,3,pink windflowers,3,white windflowers,,,,,,,NFS,200,NA,All Villagers,,100,1.0.0,Wall-mounted,3541,441,Aer6cEdrENAWFD4TP
    BAMBOO BENCH    ,8,bamboo piece,,,,,,,,,,,,200,NA,Normal villagers,,50,1.0.0,Housewares,2401,46,iRBcw227DDdksTz3J
BAMBOO CANDLEHOLDER,3,bamboo piece,2,clay,,,,,,,,,NFS,,NA,Snooty villagers,,50,1.0.0,Miscellaneous,2402,153,9FCcnLSsxLXkR2NEA
  raccoon figurine  ,6,clay,,,,,,,,,,,NFS,200,NA,Cranky villagers,,0,1.0.0,Housewares,705,520,c3iADXgcRcQv3cTF3
  VIRGO HARP  ,3,star fragment,2,Virgo fragment,2,gold nugget,4,stone,,,,,NFS,200,NA,Celeste,,0,1.0.0,Housewares,2305,368,kWfYtKDBGdFbzayNq
  IRON HANGER STAND  ,3,iron nugget,,,,,,,,,,,,200,NA,Cranky villagers,,0,1.0.0,Housewares,906,365,sFNTL2NeXckRLskP7
  gold rose crown  ,6,gold roses,,,,,,,,,,,NFS,,NA,All Villagers,,200,1.0.0,Headwear,3616,460,RAj5rwhgZgfNLzsTh
  LOG PACK  ,3,wood,5,hardwood,,,,,,,,,NFS,,NA,Jock villagers,,0,1.0.0,Bags,570,638,fGoNxEDmgeZRehXXj
  bunny day bed  ,1,earth egg,1,stone egg,1,leaf egg,1,wood egg,1,sky egg,1,water egg,NFS,200,NA,Egg bottle; Egg balloon,Only available during Bunny Day,0,1.1.0a,Housewares,3704,698,FiJ85ZKnHbkjNQ7FF
    gemini closet    ,3,star fragment,2,Gemini fragment,2,gold nugget,6,stone,,,,,NFS,200,NA,Celeste,,0,1.0.0,Housewares,2302,377,jD3cfJDgrgBozKYnz
    DARK BAMBOO RUG    ,6,bamboo piece,,,,,,,,,,,,200,NA,Cranky villagers,,50,1.0.0,Rugs,2470,672,4FRs7iQAhxjseeyWP
wood-egg shell,2,wood egg,,,,,,,,,,,,,NA,Collecting wood eggs,Only available during Bunny Day,0,1.1.0a,Headwear,3769,682,Dokk8EnqpoFPBXD8R
  iron garden bench  ,8,iron nugget,,,,,,,,,,,,200,NA,Big Sister villagers,,0,1.0.0,Housewares,902,63,oDze7K3AbxFpni27M
net,1,flimsy net,1,iron nugget,,,,,,,,,,,NA,Pretty Good Tools Recipes,Purchase Pretty Good Tools Recipes via Nook Miles Redemption,0,1.0.0,Tools,108,283,FZBFrFQRtepzzWPFp
MAPLE-LEAF POCHETTE,6,maple leaf,,,,,,,,,,,NFS,200,NA,Balloons,Only available during Maple Leaf Season,0,1.0.0,Bags,2981,631,7uFqbJaQoW2doC3B3
  green grass skirt  ,7,clump of weeds,,,,,,,,,,,NFS,,NA,Peppy villagers,,0,1.0.0,Bottoms,1287,605,mzQREt22Mh8reP5WY
  IRON DOORPLATE  ,2,iron nugget,,,,,,,,,,,NFS,200,NA,Big Sister villagers,,50,1.0.0,Wall-mounted,940,468,ckD6nctsXhWjtaRmJ
  BARBELL  ,10,iron nugget,,,,,,,,,,,NFS,200,NA,Jock villagers,,0,1.0.0,Housewares,914,395,A3fKpbNzYnRZwYMbx
PURPLE HYACINTH CROWN,6,purple hyacinths,,,,,,,,,,,NFS,200,NA,All Villagers,,200,1.0.0,Headwear,3622,239,aHwaJQnuBTPrrjRtM
  boomerang  ,3,hardwood,,,,,,,,,,,NFS,200,NA,Lazy villagers,,50,1.0.0,Wall-mounted,481,171,rMasSCDby69z84Fai
PAN FLUTE,7,young spring bamboo,,,,,,,,,,,NFS,200,NA,Balloons,Only available during Spring,0,1.0.0,Tools,134,398,oEeGqoaMP9XdQE3NF
  bamboo stopblock  ,3,bamboo piece,,,,,,,,,,,,200,NA,Jock villagers,,50,1.0.0,Housewares,2412,154,g6cSM6je3YN47KiMD
    shell arch    ,3,sea snail,3,venus comb,3,sand dollar,3,coral,3,giant clam,3,cowrie,,,NA,Lazy villagers,,100,1.0.0,Housewares,2705,175,o6M2coQ6bLoDQsWBm
  BLOSSOM-VIEWING LANTERN  ,6,cherry-blossom petal,4,hardwood,,,,,,,,,NFS,200,NA,Balloons,Only available during Cherry-Blossom Season,0,1.0.0,Housewares,2604,427,7dxFMY3pjTmv4D3QX
  cute lily crown  ,2,pink lilies,2,orange lilies,2,white lilies,,,,,,,,200,NA,All Villagers,,100,1.0.0,Headwear,3624,256,WNR9mPLvre4qtfrnQ
CHERRY UMBRELLA,7,cherry,,,,,,,,,,,,,NA,Peppy villagers,,100,1.0.0,Umbrellas,1480,614,pKzsdzbBmNX3hZd7R
cool windflower crown,3,blue windflowers,3,pink windflowers,,,,,,,,,NFS,200,NA,All Villagers,,100,1.0.0,Headwear,3601,241,8KsLNr5dskMACBgmg
  golden seat  ,5,gold nugget,,,,,,,,,,,NFS,200,NA,Snooty villagers,,200,1.0.0,Housewares,1103,133,EgGa9re6PRbpcCESz
  iron garden table  ,5,iron nugget,,,,,,,,,,,NFS,200,NA,Tom Nook; Big sister villagers,Obtained during the main storyline during the villager house development quest,0,1.0.0,Housewares,901,65,LfmT6j46no2RNRXDi
    BASKET PACK    ,6,young spring bamboo,,,,,,,,,,,,200,NA,Balloons,Only available during Spring,0,1.0.0,Bags,2580,645,j2a3p7Gtpy8fW2Z5S
  natural square table  ,4,hardwood,2,iron nugget,,,,,,,,,NFS,200,NA,Normal villagers,,0,1.0.0,Housewares,374,670,4nASdZyjax8qv3B8T
TREE'S BOUNTY LITTLE TREE,6,pine cone,4,acorn,1,hardwood,,,,,,,,200,NA,Balloons; Isabelle,Only available during Fall,0,1.0.0,Miscellaneous,2907,416,RgkwpSJpTC2nEc6vB
STONE LION-DOG,24,stone,,,,,,,,,,,NFS,200,NA,Smug villagers,,100,1.0.0,Housewares,816,570,qLZ2ZtquCBHWMF9Ke
  lunar rover  ,10,star fragment,10,iron nugget,4,old tire,,,,,,,NFS,,NA,Celeste,,0,1.0.0,Housewares,2226,373,bu2WXQC6ajuQYYejk
  WOODEN-BLOCK WALL CLOCK  ,1,wooden-block toy,2,softwood,1,iron nugget,,,,,,,NFS,,NA,Peppy villagers,,50,1.0.0,Wall-mounted,359,90,g9N9eFwC48vsPWz5e
    hearth    ,2,bamboo piece,5,iron nugget,4,clay,5,hardwood,,,,,,,NA,Wildest Dreams DIY,Purchase Wildest Dreams DIY from Nook's Cranny,0,1.0.0,Housewares,2407,217,HwZwNAuYqaBbwS2YL
    SHELL FOUNTAIN    ,5,giant clam,3,stone,,,,,,,,,NFS,200,NA,Lazy villagers,,0,1.0.0,Housewares,2701,180,FQcXcbtASXK7kdQ9Q
  INFUSED-WATER DISPENSER  ,2,apple,2,pear,2,cherry,2,orange,2,peach,2,coconut,NFS,,NA,Cranky villagers,,100,1.0.0,Miscellaneous,1901,400,t24vHrtE8fyRkzyWK
  frozen pillar  ,1,large snowflake,4,snowflake,,,,,,,,,NFS,,NA,Snowboy,Reward for making a perfect Snowboy; Only available during Winter,0,1.0.0,Housewares,3207,148,NLsTNAekFvRenddKs
fish bait,1,manila clam,,,,,,,,,,,NFS,200,NA,Digging up clams,,0,1.0.0,Other,131,191,XSQzMk4R5tzbPbToi
  golden watering can  ,1,watering can,1,gold nugget,,,,,,,,,NFS,200,NA,5-star town evaluation,,0,1.0.0,Tools,116,659,HShnyCLB3cPL5xNTx
    STONE WALL    ,10,stone,,,,,,,,,,,NFS,,NA,Smug villagers,,0,1.0.0,Wallpaper,850,318,jkx7FkcrQdSWPqno2
COLORED-LEAVES FLOORING,10,maple leaf,15,clump of weeds,,,,,,,,,NFS,200,NA,Balloons,Only available during Maple Leaf Season,0,1.0.0,Floors,2960,476,ENEvnncek9KfcwS9G
cancer table,3,star fragment,2,Cancer fragment,2,gold nugget,3,stone,,,,,NFS,,NA,Celeste,,0,1.0.0,Housewares,2303,371,FvH6DXMtKuuXbmRdS
  wooden simple bed  ,18,wood,,,,,,,,,,,,200,NA,Tom Nook; Lazy villagers,Obtained during the main storyline during the villager house development quest,0,1.0.0,Housewares,318,18,ayWFNoe5BBmR5JDde
  chocolate herringbone wall  ,15,softwood,,,,,,,,,,,NFS,200,NA,Smug villagers,,0,1.0.0,Wallpaper,525,313,TvTxY9NBsDvQfXAJH
  CUTTING BOARD  ,2,hardwood,1,iron nugget,,,,,,,,,NFS,200,NA,Normal villagers,,0,1.0.0,Miscellaneous,465,284,ebxdGKznZzRDMMccg
  dark lily wreath  ,10,black lilies,,,,,,,,,,,NFS,,NA,All Villagers,,200,1.0.0,Wall-mounted,3565,454,ExWh3urifQgJTCCH3
  wooden waste bin  ,4,wood,,,,,,,,,,,NFS,200,NA,Big Sister villagers,,0,1.0.0,Housewares,322,173,kJHkBWB2YyDQwJWDN
